type,days_for_shipping_real,days_for_shipment_scheduled,benefit_per_order,sales_per_customer,delivery_status,late_delivery_risk,category_id,category_name,customer_city,customer_country,customer_email,customer_fname,customer_id,customer_lname,customer_password,customer_segment,customer_state,customer_street,customer_zipcode,department_id,department_name,latitude,longitude,market,order_city,order_country,order_customer_id,order_date_dateorders,order_id,order_item_cardprod_id,order_item_discount,order_item_discount_rate,order_item_id,order_item_product_price,order_item_profit_ratio,order_item_quantity,sales,order_item_total,order_profit_per_order,order_region,order_state,order_status,product_card_id,product_category_id,product_image,product_name,product_price,product_status,shipping_date_dateorders,shipping_mode
DEBIT,3,4,91.25,314.64,Advance shipping,0,73,Sporting Goods,Caguas,Puerto Rico,XXXXXXXXX,Cally,20755,Holloway,XXXXXXXXX,Consumer,PR,5365 Noble Nectar Island,725.0,2,Fitness,18.251453,-66.037056,Pacific Asia,Bekasi,Indonesia,20755,2018-01-31 22:56:00,77202,1360,13.11,0.04,180517,327.75,0.29,1,327.75,314.64,91.25,Southeast Asia,Java Occidental,COMPLETE,1360,73,http://images.acmesports.sports/Smart+watch ,Smart watch ,327.75,0,2018-02-03 22:56:00,Standard Class
TRANSFER,5,4,-249.09,311.36,Late delivery,1,73,Sporting Goods,Caguas,Puerto Rico,XXXXXXXXX,Irene,19492,Luna,XXXXXXXXX,Consumer,PR,2679 Rustic Loop,725.0,2,Fitness,18.279451,-66.03706,Pacific Asia,Bikaner,India,19492,2018-01-13 12:27:00,75939,1360,16.39,0.05,179254,327.75,-0.8,1,327.75,311.36,-249.09,South Asia,Rajastán,PENDING,1360,73,http://images.acmesports.sports/Smart+watch ,Smart watch ,327.75,0,2018-01-18 12:27:00,Standard Class
CASH,4,4,-247.78,309.72,Shipping on time,0,73,Sporting Goods,San Jose,EE. UU.,XXXXXXXXX,Gillian,19491,Maldonado,XXXXXXXXX,Consumer,CA,8510 Round Bear Gate,95125.0,2,Fitness,37.292233,-121.88128,Pacific Asia,Bikaner,India,19491,2018-01-13 12:06:00,75938,1360,18.03,0.06,179253,327.75,-0.8,1,327.75,309.72,-247.78,South Asia,Rajastán,CLOSED,1360,73,http://images.acmesports.sports/Smart+watch ,Smart watch ,327.75,0,2018-01-17 12:06:00,Standard Class
DEBIT,3,4,22.86,304.81,Advance shipping,0,73,Sporting Goods,Los Angeles,EE. UU.,XXXXXXXXX,Tana,19490,Tate,XXXXXXXXX,Home Office,CA,3200 Amber Bend,90027.0,2,Fitness,34.125946,-118.291016,Pacific Asia,Townsville,Australia,19490,2018-01-13 11:45:00,75937,1360,22.94,0.07,179252,327.75,0.08,1,327.75,304.81,22.86,Oceania,Queensland,COMPLETE,1360,73,http://images.acmesports.sports/Smart+watch ,Smart watch ,327.75,0,2018-01-16 11:45:00,Standard Class
PAYMENT,2,4,134.21,298.25,Advance shipping,0,73,Sporting Goods,Caguas,Puerto Rico,XXXXXXXXX,Orli,19489,Hendricks,XXXXXXXXX,Corporate,PR,8671 Iron Anchor Corners,725.0,2,Fitness,18.253769,-66.03705,Pacific Asia,Townsville,Australia,19489,2018-01-13 11:24:00,75936,1360,29.5,0.09,179251,327.75,0.45,1,327.75,298.25,134.21,Oceania,Queensland,PENDING_PAYMENT,1360,73,http://images.acmesports.sports/Smart+watch ,Smart watch ,327.75,0,2018-01-15 11:24:00,Standard Class
TRANSFER,6,4,18.58,294.98,Shipping canceled,0,73,Sporting Goods,Tonawanda,EE. UU.,XXXXXXXXX,Kimberly,19488,Flowers,XXXXXXXXX,Consumer,NY,2122 Hazy Corner,14150.0,2,Fitness,43.01397,-78.87907,Pacific Asia,Toowoomba,Australia,19488,2018-01-13 11:03:00,75935,1360,32.78,0.1,179250,327.75,0.06,1,327.75,294.98,18.58,Oceania,Queensland,CANCELED,1360,73,http://images.acmesports.sports/Smart+watch ,Smart watch ,327.75,0,2018-01-19 11:03:00,Standard Class
DEBIT,2,1,95.18,288.42,Late delivery,1,73,Sporting Goods,Caguas,Puerto Rico,XXXXXXXXX,Constance,19487,Terrell,XXXXXXXXX,Home Office,PR,1879 Green Pine Bank,725.0,2,Fitness,18.242538,-66.037056,Pacific Asia,Guangzhou,China,19487,2018-01-13 10:42:00,75934,1360,39.33,0.12,179249,327.75,0.33,1,327.75,288.42,95.18,Eastern Asia,Guangdong,COMPLETE,1360,73,http://images.acmesports.sports/Smart+watch ,Smart watch ,327.75,0,2018-01-15 10:42:00,First Class
TRANSFER,2,1,68.43,285.14,Late delivery,1,73,Sporting Goods,Miami,EE. UU.,XXXXXXXXX,Erica,19486,Stevens,XXXXXXXXX,Corporate,FL,7595 Cotton Log Row,33162.0,2,Fitness,25.92887,-80.16287,Pacific Asia,Guangzhou,China,19486,2018-01-13 10:21:00,75933,1360,42.61,0.13,179248,327.75,0.24,1,327.75,285.14,68.43,Eastern Asia,Guangdong,PROCESSING,1360,73,http://images.acmesports.sports/Smart+watch ,Smart watch ,327.75,0,2018-01-15 10:21:00,First Class
CASH,3,2,133.72,278.59,Late delivery,1,73,Sporting Goods,Caguas,Puerto Rico,XXXXXXXXX,Nichole,19485,Olsen,XXXXXXXXX,Corporate,PR,2051 Dusty Route,725.0,2,Fitness,18.233223,-66.037056,Pacific Asia,Guangzhou,China,19485,2018-01-13 10:00:00,75932,1360,49.16,0.15,179247,327.75,0.48,1,327.75,278.59,133.72,Eastern Asia,Guangdong,CLOSED,1360,73,http://images.acmesports.sports/Smart+watch ,Smart watch ,327.75,0,2018-01-16 10:00:00,Second Class
CASH,2,1,132.15,275.31,Late delivery,1,73,Sporting Goods,San Ramon,EE. UU.,XXXXXXXXX,Oprah,19484,Delacruz,XXXXXXXXX,Corporate,CA,9139 Blue Blossom Court,94583.0,2,Fitness,37.77399,-121.96663,Pacific Asia,Guangzhou,China,19484,2018-01-13 09:39:00,75931,1360,52.44,0.16,179246,327.75,0.48,1,327.75,275.31,132.15,Eastern Asia,Guangdong,CLOSED,1360,73,http://images.acmesports.sports/Smart+watch ,Smart watch ,327.75,0,2018-01-15 09:39:00,First Class
TRANSFER,6,2,130.58,272.03,Shipping canceled,0,73,Sporting Goods,Caguas,Puerto Rico,XXXXXXXXX,Germane,19483,Short,XXXXXXXXX,Corporate,PR,4058 Quiet Heights,725.0,2,Fitness,18.282845,-66.037056,Pacific Asia,Tokio,Japón,19483,2018-01-13 09:18:00,75930,1360,55.72,0.17,179245,327.75,0.48,1,327.75,272.03,130.58,Eastern Asia,Tokio,SUSPECTED_FRAUD,1360,73,http://images.acmesports.sports/Smart+watch ,Smart watch ,327.75,0,2018-01-19 09:18:00,Second Class
TRANSFER,5,2,45.69,268.76,Late delivery,1,73,Sporting Goods,Freeport,EE. UU.,XXXXXXXXX,Freya,19482,Robbins,XXXXXXXXX,Consumer,NY,3243 Shady Corner,11520.0,2,Fitness,40.654865,-73.587074,Pacific Asia,Manado,Indonesia,19482,2018-01-13 08:57:00,75929,1360,59.0,0.18,179244,327.75,0.17,1,327.75,268.76,45.69,Southeast Asia,Célebes Septentrional,PENDING,1360,73,http://images.acmesports.sports/Smart+watch ,Smart watch ,327.75,0,2018-01-18 08:57:00,Second Class
TRANSFER,4,2,21.76,262.2,Late delivery,1,73,Sporting Goods,Salinas,EE. UU.,XXXXXXXXX,Cassandra,19481,Jensen,XXXXXXXXX,Corporate,CA,131 Sunny Treasure Green,93905.0,2,Fitness,36.67634,-121.65652,Pacific Asia,Manado,Indonesia,19481,2018-01-13 08:36:00,75928,1360,65.55,0.2,179243,327.75,0.08,1,327.75,262.2,21.76,Southeast Asia,Célebes Septentrional,PENDING,1360,73,http://images.acmesports.sports/Smart+watch ,Smart watch ,327.75,0,2018-01-17 08:36:00,Second Class
DEBIT,2,1,24.58,245.81,Late delivery,1,73,Sporting Goods,Caguas,Puerto Rico,XXXXXXXXX,Natalie,19480,Mcfadden,XXXXXXXXX,Corporate,PR,2531 Wishing Square,725.0,2,Fitness,18.278439,-66.037056,Pacific Asia,Sangli,India,19480,2018-01-13 08:15:00,75927,1360,81.94,0.25,179242,327.75,0.1,1,327.75,245.81,24.58,South Asia,Maharashtra,COMPLETE,1360,73,http://images.acmesports.sports/Smart+watch ,Smart watch ,327.75,0,2018-01-15 08:15:00,First Class
TRANSFER,2,1,16.39,327.75,Late delivery,1,73,Sporting Goods,Peabody,EE. UU.,XXXXXXXXX,Kimberley,19479,Sharpe,XXXXXXXXX,Corporate,MA,6417 Silver Towers,1960.0,2,Fitness,42.526276,-70.92703,Pacific Asia,Sangli,India,19479,2018-01-13 07:54:00,75926,1360,0.0,0.0,179241,327.75,0.05,1,327.75,327.75,16.39,South Asia,Maharashtra,PROCESSING,1360,73,http://images.acmesports.sports/Smart+watch ,Smart watch ,327.75,0,2018-01-15 07:54:00,First Class
DEBIT,2,1,-259.58,324.47,Late delivery,1,73,Sporting Goods,Caguas,Puerto Rico,XXXXXXXXX,Sade,19478,Lancaster,XXXXXXXXX,Corporate,PR,257 Harvest Close,725.0,2,Fitness,18.28405,-66.037056,Pacific Asia,Sangli,India,19478,2018-01-13 07:33:00,75925,1360,3.28,0.01,179240,327.75,-0.8,1,327.75,324.47,-259.58,South Asia,Maharashtra,COMPLETE,1360,73,http://images.acmesports.sports/Smart+watch ,Smart watch ,327.75,0,2018-01-15 07:33:00,First Class
PAYMENT,5,2,-246.36,321.2,Late delivery,1,73,Sporting Goods,Canovanas,Puerto Rico,XXXXXXXXX,Brynne,19477,Giles,XXXXXXXXX,Corporate,PR,7342 Hazy Beacon Park,729.0,2,Fitness,18.39579,-65.87289,Pacific Asia,Seúl,Corea del Sur,19477,2018-01-13 07:12:00,75924,1360,6.56,0.02,179239,327.75,-0.77,1,327.75,321.2,-246.36,Eastern Asia,Seúl,PENDING_PAYMENT,1360,73,http://images.acmesports.sports/Smart+watch ,Smart watch ,327.75,0,2018-01-18 07:12:00,Second Class
CASH,2,1,23.84,317.92,Late delivery,1,73,Sporting Goods,Paramount,EE. UU.,XXXXXXXXX,Ciara,19476,Bird,XXXXXXXXX,Corporate,CA,7787 Lazy Corners,90723.0,2,Fitness,33.898693,-118.17456,Pacific Asia,Jabalpur,India,19476,2018-01-13 06:51:00,75923,1360,9.83,0.03,179238,327.75,0.08,1,327.75,317.92,23.84,South Asia,Madhya Pradesh,CLOSED,1360,73,http://images.acmesports.sports/Smart+watch ,Smart watch ,327.75,0,2018-01-15 06:51:00,First Class
DEBIT,2,1,102.26,314.64,Late delivery,1,73,Sporting Goods,Caguas,Puerto Rico,XXXXXXXXX,Bo,19475,Griffin,XXXXXXXXX,Consumer,PR,5136 Rustic Pioneer Estates,725.0,2,Fitness,18.233778,-66.03706,Pacific Asia,Jabalpur,India,19475,2018-01-13 06:30:00,75922,1360,13.11,0.04,179237,327.75,0.33,1,327.75,314.64,102.26,South Asia,Madhya Pradesh,COMPLETE,1360,73,http://images.acmesports.sports/Smart+watch ,Smart watch ,327.75,0,2018-01-15 06:30:00,First Class
PAYMENT,0,0,87.18,311.36,Shipping on time,0,73,Sporting Goods,Mount Prospect,EE. UU.,XXXXXXXXX,Kim,19474,Simon,XXXXXXXXX,Consumer,IL,1723 Tawny Via,60056.0,2,Fitness,42.048306,-87.96134,Pacific Asia,Jabalpur,India,19474,2018-01-13 06:09:00,75921,1360,16.39,0.05,179236,327.75,0.28,1,327.75,311.36,87.18,South Asia,Madhya Pradesh,PENDING_PAYMENT,1360,73,http://images.acmesports.sports/Smart+watch ,Smart watch ,327.75,0,2018-01-13 18:09:00,Same Day
TRANSFER,0,0,154.86,309.72,Shipping on time,0,73,Sporting Goods,Long Beach,EE. UU.,XXXXXXXXX,Kellie,19473,Farmer,XXXXXXXXX,Corporate,CA,7111 Silent Fox Gardens,90813.0,2,Fitness,33.78245,-118.192245,Pacific Asia,Jabalpur,India,19473,2018-01-13 05:48:00,75920,1360,18.03,0.06,179235,327.75,0.5,1,327.75,309.72,154.86,South Asia,Madhya Pradesh,PROCESSING,1360,73,http://images.acmesports.sports/Smart+watch ,Smart watch ,327.75,0,2018-01-13 17:48:00,Same Day
TRANSFER,5,4,82.3,304.81,Late delivery,1,73,Sporting Goods,Caguas,Puerto Rico,XXXXXXXXX,Alma,19472,Conley,XXXXXXXXX,Corporate,PR,3732 Old Mountain Bank,725.0,2,Fitness,18.283377,-66.037056,Pacific Asia,Jabalpur,India,19472,2018-01-13 05:27:00,75919,1360,22.94,0.07,179234,327.75,0.27,1,327.75,304.81,82.3,South Asia,Madhya Pradesh,PENDING,1360,73,http://images.acmesports.sports/Smart+watch ,Smart watch ,327.75,0,2018-01-18 05:27:00,Standard Class
TRANSFER,4,2,22.37,298.25,Late delivery,1,73,Sporting Goods,Rancho Cordova,EE. UU.,XXXXXXXXX,Yeo,19471,Bird,XXXXXXXXX,Corporate,CA,6217 Rustic Lake Forest,95670.0,2,Fitness,38.611774,-121.28287,Pacific Asia,Geelong,Australia,19471,2018-01-13 05:06:00,75918,1360,29.5,0.09,179233,327.75,0.08,1,327.75,298.25,22.37,Oceania,Victoria,PENDING,1360,73,http://images.acmesports.sports/Smart+watch ,Smart watch ,327.75,0,2018-01-17 05:06:00,Second Class
TRANSFER,3,2,17.7,294.98,Shipping canceled,0,73,Sporting Goods,Caguas,Puerto Rico,XXXXXXXXX,Lucy,19470,Mcknight,XXXXXXXXX,Corporate,PR,1082 Quiet Treasure Link,725.0,2,Fitness,18.207336,-66.037056,Pacific Asia,Geelong,Australia,19470,2018-01-13 04:45:00,75917,1360,32.78,0.1,179232,327.75,0.06,1,327.75,294.98,17.7,Oceania,Victoria,CANCELED,1360,73,http://images.acmesports.sports/Smart+watch ,Smart watch ,327.75,0,2018-01-16 04:45:00,Second Class
TRANSFER,2,2,90.28,288.42,Shipping canceled,0,73,Sporting Goods,Billings,EE. UU.,XXXXXXXXX,Simone,19469,Vance,XXXXXXXXX,Corporate,MT,3176 Round Gate,59102.0,2,Fitness,45.78831,-108.55941,Pacific Asia,Brisbane,Australia,19469,2018-01-13 04:24:00,75916,1360,39.33,0.12,179231,327.75,0.31,1,327.75,288.42,90.28,Oceania,Queensland,SUSPECTED_FRAUD,1360,73,http://images.acmesports.sports/Smart+watch ,Smart watch ,327.75,0,2018-01-15 04:24:00,Second Class
DEBIT,6,2,131.17,285.14,Late delivery,1,73,Sporting Goods,Caguas,Puerto Rico,XXXXXXXXX,Roary,19468,Wheeler,XXXXXXXXX,Corporate,PR,1426 Fallen Line,725.0,2,Fitness,18.261633,-66.037056,Pacific Asia,Mandurah,Australia,19468,2018-01-13 04:03:00,75915,1360,42.61,0.13,179230,327.75,0.46,1,327.75,285.14,131.17,Oceania,Australia Occidental,COMPLETE,1360,73,http://images.acmesports.sports/Smart+watch ,Smart watch ,327.75,0,2018-01-19 04:03:00,Second Class
TRANSFER,5,2,90.54,278.59,Late delivery,1,73,Sporting Goods,Wilkes Barre,EE. UU.,XXXXXXXXX,Quail,19467,Ashley,XXXXXXXXX,Consumer,PA,9814 Emerald Prairie Limits,18702.0,2,Fitness,41.235455,-75.86986,Pacific Asia,Mandurah,Australia,19467,2018-01-13 03:42:00,75914,1360,49.16,0.15,179229,327.75,0.33,1,327.75,278.59,90.54,Oceania,Australia Occidental,PENDING,1360,73,http://images.acmesports.sports/Smart+watch ,Smart watch ,327.75,0,2018-01-18 03:42:00,Second Class
PAYMENT,4,4,82.59,275.31,Shipping on time,0,73,Sporting Goods,Caguas,Puerto Rico,XXXXXXXXX,Hannah,19466,Velez,XXXXXXXXX,Corporate,PR,8271 Tawny Elk Abbey,725.0,2,Fitness,18.270224,-66.03706,Pacific Asia,Guilin,China,19466,2018-01-13 03:21:00,75913,1360,52.44,0.16,179228,327.75,0.3,1,327.75,275.31,82.59,Eastern Asia,Guangxi,PENDING_PAYMENT,1360,73,http://images.acmesports.sports/Smart+watch ,Smart watch ,327.75,0,2018-01-17 03:21:00,Standard Class
DEBIT,3,4,-17.14,272.03,Advance shipping,0,73,Sporting Goods,Roseville,EE. UU.,XXXXXXXXX,Evelyn,19465,Kelly,XXXXXXXXX,Corporate,MI,3931 Gentle Ramp,48066.0,2,Fitness,41.868862,-84.573654,Pacific Asia,Guilin,China,19465,2018-01-13 03:00:00,75912,1360,55.72,0.17,179227,327.75,-0.06,1,327.75,272.03,-17.14,Eastern Asia,Guangxi,COMPLETE,1360,73,http://images.acmesports.sports/Smart+watch ,Smart watch ,327.75,0,2018-01-16 03:00:00,Standard Class
TRANSFER,2,4,23.65,268.76,Advance shipping,0,73,Sporting Goods,Bellflower,EE. UU.,XXXXXXXXX,Jael,19464,Mcfarland,XXXXXXXXX,Consumer,CA,9699 Honey Rise,90706.0,2,Fitness,33.909424,-118.12536,Pacific Asia,Guilin,China,19464,2018-01-13 02:39:00,75911,1360,59.0,0.18,179226,327.75,0.09,1,327.75,268.76,23.65,Eastern Asia,Guangxi,PROCESSING,1360,73,http://images.acmesports.sports/Smart+watch ,Smart watch ,327.75,0,2018-01-15 02:39:00,Standard Class
DEBIT,6,4,73.42,262.2,Late delivery,1,73,Sporting Goods,Caguas,Puerto Rico,XXXXXXXXX,Teagan,19463,Romero,XXXXXXXXX,Consumer,PR,1564 Rocky Terrace,725.0,2,Fitness,18.27526,-66.03706,Pacific Asia,Guilin,China,19463,2018-01-13 02:18:00,75910,1360,65.55,0.2,179225,327.75,0.28,1,327.75,262.2,73.42,Eastern Asia,Guangxi,ON_HOLD,1360,73,http://images.acmesports.sports/Smart+watch ,Smart watch ,327.75,0,2018-01-19 02:18:00,Standard Class
DEBIT,5,4,113.07,245.81,Late delivery,1,73,Sporting Goods,Wheaton,EE. UU.,XXXXXXXXX,Joan,19462,Wilder,XXXXXXXXX,Consumer,IL,4294 High Passage,60187.0,2,Fitness,41.86544,-88.1099,Pacific Asia,Delhi,India,19462,2018-01-13 01:57:00,75909,1360,81.94,0.25,179224,327.75,0.46,1,327.75,245.81,113.07,South Asia,Delhi,COMPLETE,1360,73,http://images.acmesports.sports/Smart+watch ,Smart watch ,327.75,0,2018-01-18 01:57:00,Standard Class
PAYMENT,4,4,24.58,327.75,Shipping on time,0,73,Sporting Goods,Caguas,Puerto Rico,XXXXXXXXX,Basia,19461,Watts,XXXXXXXXX,Consumer,PR,5918 Golden Beacon Freeway,725.0,2,Fitness,18.287136,-66.037056,Pacific Asia,Delhi,India,19461,2018-01-13 01:36:00,75908,1360,0.0,0.0,179223,327.75,0.08,1,327.75,327.75,24.58,South Asia,Delhi,PENDING_PAYMENT,1360,73,http://images.acmesports.sports/Smart+watch ,Smart watch ,327.75,0,2018-01-17 01:36:00,Standard Class
DEBIT,2,1,-97.34,324.47,Late delivery,1,73,Sporting Goods,Detroit,EE. UU.,XXXXXXXXX,Dominique,19460,Rogers,XXXXXXXXX,Consumer,MI,3915 Broad Lookout,48238.0,2,Fitness,42.3911,-83.13122,Pacific Asia,Suzhou,China,19460,2018-01-13 01:15:00,75907,1360,3.28,0.01,179222,327.75,-0.3,1,327.75,324.47,-97.34,Eastern Asia,Gansu,COMPLETE,1360,73,http://images.acmesports.sports/Smart+watch ,Smart watch ,327.75,0,2018-01-15 01:15:00,First Class
PAYMENT,2,1,-425.58,321.2,Late delivery,1,73,Sporting Goods,Dallas,EE. UU.,XXXXXXXXX,Ainsley,19459,Mathis,XXXXXXXXX,Consumer,TX,7190 Silver Horse Glade,75220.0,2,Fitness,32.865395,-96.86858,Pacific Asia,Suzhou,China,19459,2018-01-13 00:54:00,75906,1360,6.56,0.02,179221,327.75,-1.33,1,327.75,321.2,-425.58,Eastern Asia,Gansu,PENDING_PAYMENT,1360,73,http://images.acmesports.sports/Smart+watch ,Smart watch ,327.75,0,2018-01-15 00:54:00,First Class
PAYMENT,2,1,152.6,317.92,Late delivery,1,73,Sporting Goods,Caguas,Puerto Rico,XXXXXXXXX,Aurora,19458,Sharp,XXXXXXXXX,Corporate,PR,830 Broad Beacon Maze,725.0,2,Fitness,18.240742,-66.037056,Pacific Asia,Singapur,Singapur,19458,2018-01-13 00:33:00,75905,1360,9.83,0.03,179220,327.75,0.48,1,327.75,317.92,152.6,Southeast Asia,Singapur,PENDING_PAYMENT,1360,73,http://images.acmesports.sports/Smart+watch ,Smart watch ,327.75,0,2018-01-15 00:33:00,First Class
CASH,2,1,151.03,314.64,Late delivery,1,73,Sporting Goods,Carlisle,EE. UU.,XXXXXXXXX,Libby,19457,Bray,XXXXXXXXX,Corporate,PA,6127 Dewy Goose Downs,17013.0,2,Fitness,40.03172,-76.8771,Pacific Asia,Hubli,India,19457,2018-01-13 00:12:00,75904,1360,13.11,0.04,179219,327.75,0.48,1,327.75,314.64,151.03,South Asia,Karnataka,CLOSED,1360,73,http://images.acmesports.sports/Smart+watch ,Smart watch ,327.75,0,2018-01-15 00:12:00,First Class
DEBIT,2,1,62.27,311.36,Late delivery,1,73,Sporting Goods,Dallas,EE. UU.,XXXXXXXXX,Amy,19456,Lindsay,XXXXXXXXX,Corporate,TX,1188 Old Abbey,75228.0,2,Fitness,32.81011,-96.68649,Pacific Asia,Wollongong,Australia,19456,2018-01-12 23:51:00,75903,1360,16.39,0.05,179218,327.75,0.2,1,327.75,311.36,62.27,Oceania,Nueva Gales del Sur,COMPLETE,1360,73,http://images.acmesports.sports/Smart+watch ,Smart watch ,327.75,0,2018-01-14 23:51:00,First Class
DEBIT,1,0,35.0,309.72,Late delivery,1,73,Sporting Goods,Caguas,Puerto Rico,XXXXXXXXX,Ivory,19455,Parks,XXXXXXXXX,Consumer,PR,7004 Hazy Lake Townline,725.0,2,Fitness,18.286049,-66.037056,Pacific Asia,Wollongong,Australia,19455,2018-01-12 23:30:00,75902,1360,18.03,0.06,179217,327.75,0.11,1,327.75,309.72,35.0,Oceania,Nueva Gales del Sur,COMPLETE,1360,73,http://images.acmesports.sports/Smart+watch ,Smart watch ,327.75,0,2018-01-13 11:30:00,Same Day
TRANSFER,1,0,57.3,304.81,Shipping canceled,0,73,Sporting Goods,Newark,EE. UU.,XXXXXXXXX,Karina,19454,Prince,XXXXXXXXX,Consumer,DE,2556 Umber Autoroute,19702.0,2,Fitness,39.68188,-75.64421,Pacific Asia,Wollongong,Australia,19454,2018-01-12 23:09:00,75901,1360,22.94,0.07,179216,327.75,0.19,1,327.75,304.81,57.3,Oceania,Nueva Gales del Sur,CANCELED,1360,73,http://images.acmesports.sports/Smart+watch ,Smart watch ,327.75,0,2018-01-13 11:09:00,Same Day
PAYMENT,1,0,143.16,298.25,Late delivery,1,73,Sporting Goods,Panorama City,EE. UU.,XXXXXXXXX,Deanna,19453,Goff,XXXXXXXXX,Consumer,CA,3722 Thunder Cape,91402.0,2,Fitness,34.15894,-118.18094,Pacific Asia,Singapur,Singapur,19453,2018-01-12 22:48:00,75900,1360,29.5,0.09,179215,327.75,0.48,1,327.75,298.25,143.16,Southeast Asia,Singapur,PENDING_PAYMENT,1360,73,http://images.acmesports.sports/Smart+watch ,Smart watch ,327.75,0,2018-01-13 10:48:00,Same Day
DEBIT,1,0,135.69,294.98,Late delivery,1,73,Sporting Goods,Caguas,Puerto Rico,XXXXXXXXX,Dacey,19452,Walters,XXXXXXXXX,Home Office,PR,2676 Velvet Common,725.0,2,Fitness,18.282946,-66.03706,Pacific Asia,Singapur,Singapur,19452,2018-01-12 22:27:00,75899,1360,32.78,0.1,179214,327.75,0.46,1,327.75,294.98,135.69,Southeast Asia,Singapur,COMPLETE,1360,73,http://images.acmesports.sports/Smart+watch ,Smart watch ,327.75,0,2018-01-13 10:27:00,Same Day
CASH,4,4,132.67,288.42,Shipping on time,0,73,Sporting Goods,Atlanta,EE. UU.,XXXXXXXXX,Adele,19451,Pennington,XXXXXXXXX,Home Office,GA,833 Amber Anchor Glen,30318.0,2,Fitness,33.816326,-84.4455,Pacific Asia,Medan,Indonesia,19451,2018-01-12 22:05:00,75898,1360,39.33,0.12,179213,327.75,0.46,1,327.75,288.42,132.67,Southeast Asia,Sumatra Septentrional,CLOSED,1360,73,http://images.acmesports.sports/Smart+watch ,Smart watch ,327.75,0,2018-01-16 22:05:00,Standard Class
PAYMENT,3,4,119.76,285.14,Advance shipping,0,73,Sporting Goods,Caguas,Puerto Rico,XXXXXXXXX,Sybill,19450,Spencer,XXXXXXXXX,Home Office,PR,830 Quaking Bear Grounds,725.0,2,Fitness,18.24104,-66.03706,Pacific Asia,Medan,Indonesia,19450,2018-01-12 21:44:00,75897,1360,42.61,0.13,179212,327.75,0.42,1,327.75,285.14,119.76,Southeast Asia,Sumatra Septentrional,PENDING_PAYMENT,1360,73,http://images.acmesports.sports/Smart+watch ,Smart watch ,327.75,0,2018-01-15 21:44:00,Standard Class
DEBIT,2,4,31.48,278.59,Advance shipping,0,73,Sporting Goods,Fremont,EE. UU.,XXXXXXXXX,Kay,19449,Sandoval,XXXXXXXXX,Consumer,CA,1509 Middle Oak Isle,94539.0,2,Fitness,37.490276,-121.92711,Pacific Asia,Canberra,Australia,19449,2018-01-12 21:23:00,75896,1360,49.16,0.15,179211,327.75,0.11,1,327.75,278.59,31.48,Oceania,Territorio de la Capital Australiana,COMPLETE,1360,73,http://images.acmesports.sports/Smart+watch ,Smart watch ,327.75,0,2018-01-14 21:23:00,Standard Class
TRANSFER,6,4,86.17,275.31,Late delivery,1,73,Sporting Goods,Caguas,Puerto Rico,XXXXXXXXX,Stacy,19448,Mckinney,XXXXXXXXX,Corporate,PR,9712 Fallen Robin Diversion,725.0,2,Fitness,18.264696,-66.037056,Pacific Asia,Bangalore,India,19448,2018-01-12 21:02:00,75895,1360,52.44,0.16,179210,327.75,0.31,1,327.75,275.31,86.17,South Asia,Karnataka,PENDING,1360,73,http://images.acmesports.sports/Smart+watch ,Smart watch ,327.75,0,2018-01-18 21:02:00,Standard Class
TRANSFER,5,2,130.58,272.03,Late delivery,1,73,Sporting Goods,Rochester,EE. UU.,XXXXXXXXX,Marah,19447,Lara,XXXXXXXXX,Corporate,NY,8665 Sunny Deer Woods,14609.0,2,Fitness,43.18824,-77.56706,Pacific Asia,Bangalore,India,19447,2018-01-12 20:41:00,75894,1360,55.72,0.17,179209,327.75,0.48,1,327.75,272.03,130.58,South Asia,Karnataka,PENDING,1360,73,http://images.acmesports.sports/Smart+watch ,Smart watch ,327.75,0,2018-01-17 20:41:00,Second Class
TRANSFER,4,4,0.0,268.76,Shipping on time,0,73,Sporting Goods,Dallas,EE. UU.,XXXXXXXXX,Taylor,19446,Wood,XXXXXXXXX,Corporate,TX,9879 Harvest Deer Farms,75211.0,2,Fitness,32.753685,-96.86554,Pacific Asia,Yiwu,China,19446,2018-01-12 20:20:00,75893,1360,59.0,0.18,179208,327.75,0.0,1,327.75,268.76,0.0,Eastern Asia,Zhejiang,PROCESSING,1360,73,http://images.acmesports.sports/Smart+watch ,Smart watch ,327.75,0,2018-01-16 20:20:00,Standard Class
PAYMENT,5,2,-30.75,115.18,Late delivery,1,17,Cleats,Bayamon,Puerto Rico,XXXXXXXXX,Mary,9083,Frank,XXXXXXXXX,Home Office,PR,75 Sunny Grounds,957.0,4,Apparel,18.38012,-66.18313,Pacific Asia,Mirzapur,India,9083,2016-02-24 13:57:00,28744,365,4.8,0.04,71956,59.99,-0.27,2,119.98,115.18,-30.75,South Asia,Uttar Pradesh,PENDING_PAYMENT,365,17,http://images.acmesports.sports/Perfect+Fitness+Perfect+Rip+Deck,Perfect Fitness Perfect Rip Deck,59.99,0,2016-02-29 13:57:00,Second Class
PAYMENT,2,2,-122.73,79.18,Shipping on time,0,29,Shop By Sport,Caguas,Puerto Rico,XXXXXXXXX,Mary,4741,Smith,XXXXXXXXX,Home Office,PR,9731 Honey Fox Towers,725.0,5,Golf,18.235573,-66.37061,Pacific Asia,Bursa,Turquía,4741,2016-10-25 14:39:00,45461,627,0.8,0.01,113598,39.99,-1.55,2,79.98,79.18,-122.73,West Asia,Bursa,PENDING_PAYMENT,627,29,http://images.acmesports.sports/Under+Armour+Girls%27+Toddler+Spine+Surge+Running+Shoe,Under Armour Girls' Toddler Spine Surge Runni,39.99,0,2016-10-27 14:39:00,Second Class
PAYMENT,6,2,33.6,96.0,Late delivery,1,24,Women's Apparel,Caguas,Puerto Rico,XXXXXXXXX,Elizabeth,639,Pittman,XXXXXXXXX,Home Office,PR,7573 Golden Treasure Centre,725.0,5,Golf,18.025368,-66.61304,Pacific Asia,Murray Bridge,Australia,639,2016-03-30 04:37:00,31115,502,4.0,0.04,77757,50.0,0.35,2,100.0,96.0,33.6,Oceania,Australia del Sur,PENDING_PAYMENT,502,24,http://images.acmesports.sports/Nike+Men%27s+Dri-FIT+Victory+Golf+Polo,Nike Men's Dri-FIT Victory Golf Polo,50.0,0,2016-04-05 04:37:00,Second Class
PAYMENT,2,2,24.69,75.98,Shipping on time,0,29,Shop By Sport,Caguas,Puerto Rico,XXXXXXXXX,Katherine,9702,Tyler,XXXXXXXXX,Home Office,PR,8369 Sunny Crossing,725.0,5,Golf,18.273838,-66.370636,Pacific Asia,Kartal,Turquía,9702,2016-10-30 01:31:00,45766,627,4.0,0.05,114401,39.99,0.33,2,79.98,75.98,24.69,West Asia,Estambul,PENDING_PAYMENT,627,29,http://images.acmesports.sports/Under+Armour+Girls%27+Toddler+Spine+Surge+Running+Shoe,Under Armour Girls' Toddler Spine Surge Runni,39.99,0,2016-11-01 01:31:00,Second Class
PAYMENT,3,2,9.1,91.0,Late delivery,1,24,Women's Apparel,Caguas,Puerto Rico,XXXXXXXXX,Mary,9114,Smith,XXXXXXXXX,Home Office,PR,1425 Fallen Fox Arbor,725.0,5,Golf,18.284805,-66.37059,Pacific Asia,Ulan Bator,Mongolia,9114,2016-11-28 01:18:00,47752,502,9.0,0.09,119405,50.0,0.1,2,100.0,91.0,9.1,Eastern Asia,Ulán Bator,PENDING_PAYMENT,502,24,http://images.acmesports.sports/Nike+Men%27s+Dri-FIT+Victory+Golf+Polo,Nike Men's Dri-FIT Victory Golf Polo,50.0,0,2016-12-01 01:18:00,Second Class
PAYMENT,5,2,-21.75,87.0,Late delivery,1,24,Women's Apparel,Caguas,Puerto Rico,XXXXXXXXX,Dennis,1362,Smith,XXXXXXXXX,Home Office,PR,2290 Crystal Pathway,725.0,5,Golf,18.294968,-66.37051,Pacific Asia,Estambul,Turquía,1362,2016-12-31 15:47:00,50054,502,13.0,0.13,125135,50.0,-0.25,2,100.0,87.0,-21.75,West Asia,Estambul,PENDING_PAYMENT,502,24,http://images.acmesports.sports/Nike+Men%27s+Dri-FIT+Victory+Golf+Polo,Nike Men's Dri-FIT Victory Golf Polo,50.0,0,2017-01-05 15:47:00,Second Class
PAYMENT,6,2,6.15,82.0,Late delivery,1,24,Women's Apparel,Caguas,Puerto Rico,XXXXXXXXX,Mary,8011,Hill,XXXXXXXXX,Home Office,PR,6179 Noble Panda Moor,725.0,5,Golf,18.255713,-66.37051,Pacific Asia,Raipur,India,8011,2015-10-25 06:24:00,20365,502,18.0,0.18,50842,50.0,0.08,2,100.0,82.0,6.15,South Asia,Rajastán,PENDING_PAYMENT,502,24,http://images.acmesports.sports/Nike+Men%27s+Dri-FIT+Victory+Golf+Polo,Nike Men's Dri-FIT Victory Golf Polo,50.0,0,2015-10-31 06:24:00,Second Class
PAYMENT,2,2,22.41,74.68,Shipping on time,0,13,Electronics,Caguas,Puerto Rico,XXXXXXXXX,Mary,3296,Smith,XXXXXXXXX,Home Office,PR,8205 Silver Grove Row,725.0,3,Footwear,18.234663,-66.3706,USCA,Pasco,Estados Unidos,3296,2016-06-11 15:12:00,36146,278,15.3,0.17,90273,44.99,0.3,2,89.98,74.68,22.41,West of USA ,Washington,PENDING_PAYMENT,278,13,http://images.acmesports.sports/Under+Armour+Men%27s+Compression+EV+SL+Slide,Under Armour Men's Compression EV SL Slide,44.99,0,2016-06-13 15:12:00,Second Class
PAYMENT,5,2,25.24,90.15,Late delivery,1,12,Boxing & MMA,Caguas,Puerto Rico,XXXXXXXXX,Frances,3182,Smith,XXXXXXXXX,Home Office,PR,7786 Middle Private,725.0,3,Footwear,18.262682,-66.3705,USCA,Los Angeles,Estados Unidos,3182,2016-08-24 21:45:00,41234,249,19.79,0.18,102921,54.97,0.28,2,109.94,90.15,25.24,West of USA ,California,PENDING_PAYMENT,249,12,http://images.acmesports.sports/Under+Armour+Women%27s+Micro+G+Skulpt+Running+Shoe,Under Armour Women's Micro G Skulpt Running S,54.97,0,2016-08-29 21:45:00,Second Class
PAYMENT,6,2,30.57,117.58,Late delivery,1,17,Cleats,Caguas,Puerto Rico,XXXXXXXXX,Alice,7864,Smith,XXXXXXXXX,Home Office,PR,4294 High Passage,725.0,4,Apparel,18.282795,-66.37056,USCA,San Francisco,Estados Unidos,7864,2016-04-13 10:12:00,32090,365,2.4,0.02,80250,59.99,0.26,2,119.98,117.58,30.57,West of USA ,California,PENDING_PAYMENT,365,17,http://images.acmesports.sports/Perfect+Fitness+Perfect+Rip+Deck,Perfect Fitness Perfect Rip Deck,59.99,0,2016-04-19 10:12:00,Second Class
PAYMENT,4,2,46.07,95.98,Late delivery,1,17,Cleats,Caguas,Puerto Rico,XXXXXXXXX,Kyle,11169,Thomas,XXXXXXXXX,Home Office,PR,5274 Easy Beach,725.0,4,Apparel,18.274662,-66.37058,USCA,Overland Park,Estados Unidos,11169,2016-05-22 14:10:00,34773,365,24.0,0.2,86866,59.99,0.48,2,119.98,95.98,46.07,US Center ,Kansas,PENDING_PAYMENT,365,17,http://images.acmesports.sports/Perfect+Fitness+Perfect+Rip+Deck,Perfect Fitness Perfect Rip Deck,59.99,0,2016-05-26 14:10:00,Second Class
PAYMENT,2,2,-184.78,263.97,Shipping on time,0,9,Cardio Equipment,Caguas,Puerto Rico,XXXXXXXXX,Brenda,5197,Jordan,XXXXXXXXX,Home Office,PR,4692 Jagged Thicket,725.0,3,Footwear,18.269,-66.3705,Africa,Ugep,Nigeria,5197,2016-10-04 22:55:00,44046,191,36.0,0.12,110025,99.99,-0.7,3,299.97,263.97,-184.78,West Africa,Cross River,PENDING_PAYMENT,191,9,http://images.acmesports.sports/Nike+Men%27s+Free+5.0%2B+Running+Shoe,Nike Men's Free 5.0+ Running Shoe,99.99,0,2016-10-06 22:55:00,Second Class
PAYMENT,5,2,38.75,113.97,Late delivery,1,29,Shop By Sport,Caguas,Puerto Rico,XXXXXXXXX,Frank,1535,Livingston,XXXXXXXXX,Home Office,PR,5161 Crystal Quail Jetty,725.0,5,Golf,18.230818,-66.37052,Africa,Kinshasa,República Democrática del Congo,1535,2016-11-08 12:32:00,46414,627,6.0,0.05,116033,39.99,0.34,3,119.97,113.97,38.75,Central Africa,Kinshasa,PENDING_PAYMENT,627,29,http://images.acmesports.sports/Under+Armour+Girls%27+Toddler+Spine+Surge+Running+Shoe,Under Armour Girls' Toddler Spine Surge Runni,39.99,0,2016-11-13 12:32:00,Second Class
PAYMENT,5,2,-3.65,63.99,Late delivery,1,41,Trade-In,Caguas,Puerto Rico,XXXXXXXXX,Johnny,6122,Smith,XXXXXXXXX,Home Office,PR,1465 Round Fawn Passage,725.0,6,Outdoors,18.261381,-66.37057,Africa,Dakar,Senegal,6122,2016-11-11 05:21:00,46599,917,1.98,0.03,116462,21.99,-0.06,3,65.97,63.99,-3.65,West Africa,Dakar,PENDING_PAYMENT,917,41,http://images.acmesports.sports/Glove+It+Women%27s+Mod+Oval+3-Zip+Carry+All+Golf+Bag,Glove It Women's Mod Oval 3-Zip Carry All Gol,21.99,0,2016-11-16 05:21:00,Second Class
PAYMENT,5,2,38.23,79.66,Late delivery,1,37,Electronics,Caguas,Puerto Rico,XXXXXXXXX,Mary,9451,Smith,XXXXXXXXX,Home Office,PR,5723 Cinder Loop,725.0,6,Outdoors,18.236507,-66.370514,Africa,Casablanca,Marruecos,9451,2016-12-08 00:14:00,48434,828,16.31,0.17,121134,31.99,0.48,3,95.97,79.66,38.23,North Africa,Gran Casablanca,PENDING_PAYMENT,828,37,http://images.acmesports.sports/Bridgestone+e6+Straight+Distance+NFL+San+Diego+Chargers...,Bridgestone e6 Straight Distance NFL San Dieg,31.99,0,2016-12-13 00:14:00,Second Class
PAYMENT,3,2,129.35,293.97,Late delivery,1,9,Cardio Equipment,Caguas,Puerto Rico,XXXXXXXXX,Mary,542,Smith,XXXXXXXXX,Home Office,PR,2991 Silent Deer Landing,725.0,3,Footwear,18.359215,-66.0778,Europe,Dortmund,Alemania,542,2015-07-07 05:31:00,12827,191,6.0,0.02,32072,99.99,0.44,3,299.97,293.97,129.35,Western Europe,Renania del Norte-Westfalia,PENDING_PAYMENT,191,9,http://images.acmesports.sports/Nike+Men%27s+Free+5.0%2B+Running+Shoe,Nike Men's Free 5.0+ Running Shoe,99.99,0,2015-07-10 05:31:00,Second Class
PAYMENT,2,2,132.29,269.97,Shipping on time,0,9,Cardio Equipment,Caguas,Puerto Rico,XXXXXXXXX,Hannah,11329,Smith,XXXXXXXXX,Home Office,PR,5086 Emerald Fox Farms,725.0,3,Footwear,18.299442,-66.37052,Europe,Drancy,Francia,11329,2017-07-22 07:16:00,63936,191,30.0,0.1,159828,99.99,0.49,3,299.97,269.97,132.29,Western Europe,Isla de Francia,PENDING_PAYMENT,191,9,http://images.acmesports.sports/Nike+Men%27s+Free+5.0%2B+Running+Shoe,Nike Men's Free 5.0+ Running Shoe,99.99,0,2017-07-24 07:16:00,Second Class
PAYMENT,6,2,76.04,224.98,Late delivery,1,9,Cardio Equipment,Caguas,Puerto Rico,XXXXXXXXX,Mary,3570,Nelson,XXXXXXXXX,Home Office,PR,3909 Hidden Treasure Beach,725.0,3,Footwear,18.289968,-66.370544,Europe,Nantes,Francia,3570,2017-08-07 06:33:00,65030,191,74.99,0.25,162548,99.99,0.34,3,299.97,224.98,76.04,Western Europe,Países del Loira,PENDING_PAYMENT,191,9,http://images.acmesports.sports/Nike+Men%27s+Free+5.0%2B+Running+Shoe,Nike Men's Free 5.0+ Running Shoe,99.99,0,2017-08-13 06:33:00,Second Class
PAYMENT,4,2,81.13,176.37,Late delivery,1,17,Cleats,Caguas,Puerto Rico,XXXXXXXXX,Austin,650,Sexton,XXXXXXXXX,Home Office,PR,4691 Cinder Crest,725.0,4,Apparel,18.227573,-66.04563,Europe,Groningen,Países Bajos,650,2015-09-22 07:41:00,18108,365,3.6,0.02,45253,59.99,0.46,3,179.97,176.37,81.13,Western Europe,Groningen,PENDING_PAYMENT,365,17,http://images.acmesports.sports/Perfect+Fitness+Perfect+Rip+Deck,Perfect Fitness Perfect Rip Deck,59.99,0,2015-09-26 07:41:00,Second Class
PAYMENT,2,2,43.52,167.37,Shipping on time,0,17,Cleats,Caguas,Puerto Rico,XXXXXXXXX,Michael,9353,Scott,XXXXXXXXX,Home Office,PR,5703 Tawny Creek Townline,725.0,4,Apparel,18.29882,-66.3706,Europe,Gateshead,Reino Unido,9353,2017-07-02 09:03:00,62571,365,12.6,0.07,156394,59.99,0.26,3,179.97,167.37,43.52,Northern Europe,Inglaterra,PENDING_PAYMENT,365,17,http://images.acmesports.sports/Perfect+Fitness+Perfect+Rip+Deck,Perfect Fitness Perfect Rip Deck,59.99,0,2017-07-04 09:03:00,Second Class
PAYMENT,3,2,68.78,163.77,Late delivery,1,17,Cleats,Caguas,Puerto Rico,XXXXXXXXX,Mary,54,Olson,XXXXXXXXX,Home Office,PR,7333 Cinder Way,725.0,4,Apparel,18.025381,-66.61508,Europe,Eastbourne,Reino Unido,54,2015-09-08 12:15:00,17162,365,16.2,0.09,42919,59.99,0.42,3,179.97,163.77,68.78,Northern Europe,Inglaterra,PENDING_PAYMENT,365,17,http://images.acmesports.sports/Perfect+Fitness+Perfect+Rip+Deck,Perfect Fitness Perfect Rip Deck,59.99,0,2015-09-11 12:15:00,Second Class
PAYMENT,3,2,40.49,161.97,Late delivery,1,17,Cleats,Caguas,Puerto Rico,XXXXXXXXX,Vincent,12151,Krueger,XXXXXXXXX,Home Office,PR,9404 Heather Bluff Dale,725.0,4,Apparel,18.250486,-66.37063,Europe,Hayange,Francia,12151,2017-08-20 07:03:00,65922,365,18.0,0.1,164735,59.99,0.25,3,179.97,161.97,40.49,Western Europe,Alsacia-Champaña-Ardenas-Lorena,PENDING_PAYMENT,365,17,http://images.acmesports.sports/Perfect+Fitness+Perfect+Rip+Deck,Perfect Fitness Perfect Rip Deck,59.99,0,2017-08-23 07:03:00,Second Class
PAYMENT,2,2,20.93,139.5,Shipping on time,0,24,Women's Apparel,Caguas,Puerto Rico,XXXXXXXXX,Hannah,11329,Smith,XXXXXXXXX,Home Office,PR,5086 Emerald Fox Farms,725.0,5,Golf,18.299442,-66.37052,Europe,Drancy,Francia,11329,2017-07-22 07:16:00,63936,502,10.5,0.07,159829,50.0,0.15,3,150.0,139.5,20.93,Western Europe,Isla de Francia,PENDING_PAYMENT,502,24,http://images.acmesports.sports/Nike+Men%27s+Dri-FIT+Victory+Golf+Polo,Nike Men's Dri-FIT Victory Golf Polo,50.0,0,2017-07-24 07:16:00,Second Class
PAYMENT,4,2,12.2,107.97,Late delivery,1,29,Shop By Sport,Caguas,Puerto Rico,XXXXXXXXX,Gregory,10018,Rodriguez,XXXXXXXXX,Home Office,PR,1632 Green Fawn Corners,725.0,5,Golf,18.240698,-66.37056,Europe,Portsmouth,Reino Unido,10018,2017-08-04 02:31:00,64813,627,12.0,0.1,162007,39.99,0.11,3,119.97,107.97,12.2,Northern Europe,Inglaterra,PENDING_PAYMENT,627,29,http://images.acmesports.sports/Under+Armour+Girls%27+Toddler+Spine+Surge+Running+Shoe,Under Armour Girls' Toddler Spine Surge Runni,39.99,0,2017-08-08 02:31:00,Second Class
PAYMENT,3,2,12.71,112.5,Late delivery,1,24,Women's Apparel,Caguas,Puerto Rico,XXXXXXXXX,Frances,3182,Smith,XXXXXXXXX,Home Office,PR,7786 Middle Private,725.0,5,Golf,18.262682,-66.3705,Europe,Gelsenkirchen,Alemania,3182,2017-09-18 01:14:00,67892,502,37.5,0.25,169747,50.0,0.11,3,150.0,112.5,12.71,Western Europe,Renania del Norte-Westfalia,PENDING_PAYMENT,502,24,http://images.acmesports.sports/Nike+Men%27s+Dri-FIT+Victory+Golf+Polo,Nike Men's Dri-FIT Victory Golf Polo,50.0,0,2017-09-21 01:14:00,Second Class
PAYMENT,6,2,7.76,55.41,Late delivery,1,41,Trade-In,Caguas,Puerto Rico,XXXXXXXXX,Kyle,4936,Smith,XXXXXXXXX,Home Office,PR,8344 Noble Mountain Gate,725.0,6,Outdoors,18.2121,-66.37051,Europe,Nice,Francia,4936,2015-07-02 19:42:00,12525,917,10.56,0.16,31344,21.99,0.14,3,65.97,55.41,7.76,Western Europe,Provenza-Alpes-Costa Azul,PENDING_PAYMENT,917,41,http://images.acmesports.sports/Glove+It+Women%27s+Mod+Oval+3-Zip+Carry+All+Golf+Bag,Glove It Women's Mod Oval 3-Zip Carry All Gol,21.99,0,2015-07-08 19:42:00,Second Class
PAYMENT,6,2,101.39,299.97,Late delivery,1,9,Cardio Equipment,Caguas,Puerto Rico,XXXXXXXXX,Lisa,8707,Smith,XXXXXXXXX,Home Office,PR,7208 Bright Landing,725.0,3,Footwear,18.231314,-66.37063,LATAM,Petapa,Guatemala,8707,2015-03-28 00:55:00,5895,191,0.0,0.0,14664,99.99,0.34,3,299.97,299.97,101.39,Central America,Guatemala,PENDING_PAYMENT,191,9,http://images.acmesports.sports/Nike+Men%27s+Free+5.0%2B+Running+Shoe,Nike Men's Free 5.0+ Running Shoe,99.99,0,2015-04-03 00:55:00,Second Class
PAYMENT,5,2,-285.07,178.17,Late delivery,1,17,Cleats,Caguas,Puerto Rico,XXXXXXXXX,Megan,1025,Todd,XXXXXXXXX,Home Office,PR,1393 Umber Sky Estates,725.0,4,Apparel,18.29652,-66.048676,LATAM,Mejicanos,El Salvador,1025,2017-04-02 16:43:00,56359,365,1.8,0.01,140970,59.99,-1.6,3,179.97,178.17,-285.07,Central America,San Salvador,PENDING_PAYMENT,365,17,http://images.acmesports.sports/Perfect+Fitness+Perfect+Rip+Deck,Perfect Fitness Perfect Rip Deck,59.99,0,2017-04-07 16:43:00,Second Class
PAYMENT,4,2,42.74,170.97,Late delivery,1,17,Cleats,Caguas,Puerto Rico,XXXXXXXXX,Mary,8831,Smith,XXXXXXXXX,Home Office,PR,8165 Red Lane,725.0,4,Apparel,18.287464,-66.370544,LATAM,David,Panamá,8831,2017-05-05 14:23:00,58613,365,9.0,0.05,146701,59.99,0.25,3,179.97,170.97,42.74,Central America,Chiriquí,PENDING_PAYMENT,365,17,http://images.acmesports.sports/Perfect+Fitness+Perfect+Rip+Deck,Perfect Fitness Perfect Rip Deck,59.99,0,2017-05-09 14:23:00,Second Class
PAYMENT,5,2,49.32,170.07,Late delivery,1,17,Cleats,Caguas,Puerto Rico,XXXXXXXXX,Mary,10679,Smith,XXXXXXXXX,Home Office,PR,331 Grand Orchard,725.0,4,Apparel,18.29108,-66.37051,LATAM,Santo Domingo,República Dominicana,10679,2015-04-25 04:44:00,7824,365,9.9,0.06,19564,59.99,0.29,3,179.97,170.07,49.32,Caribbean,Santo Domingo,PENDING_PAYMENT,365,17,http://images.acmesports.sports/Perfect+Fitness+Perfect+Rip+Deck,Perfect Fitness Perfect Rip Deck,59.99,0,2015-04-30 04:44:00,Second Class
PAYMENT,5,2,80.34,167.37,Late delivery,1,17,Cleats,Caguas,Puerto Rico,XXXXXXXXX,Mary,5007,Smith,XXXXXXXXX,Home Office,PR,2264 Thunder Abbey,725.0,4,Apparel,18.249846,-66.37051,LATAM,Cabimas,Venezuela,5007,2015-04-25 01:14:00,7814,365,12.6,0.07,19544,59.99,0.48,3,179.97,167.37,80.34,South America,Zulia,PENDING_PAYMENT,365,17,http://images.acmesports.sports/Perfect+Fitness+Perfect+Rip+Deck,Perfect Fitness Perfect Rip Deck,59.99,0,2015-04-30 01:14:00,Second Class
PAYMENT,5,2,-26.69,163.77,Late delivery,1,17,Cleats,Caguas,Puerto Rico,XXXXXXXXX,Mary,5007,Smith,XXXXXXXXX,Home Office,PR,2264 Thunder Abbey,725.0,4,Apparel,18.249846,-66.37051,LATAM,Cabimas,Venezuela,5007,2015-04-25 01:14:00,7814,365,16.2,0.09,19542,59.99,-0.16,3,179.97,163.77,-26.69,South America,Zulia,PENDING_PAYMENT,365,17,http://images.acmesports.sports/Perfect+Fitness+Perfect+Rip+Deck,Perfect Fitness Perfect Rip Deck,59.99,0,2015-04-30 01:14:00,Second Class
PAYMENT,3,2,-117.33,152.97,Late delivery,1,17,Cleats,Caguas,Puerto Rico,XXXXXXXXX,Mary,9854,Smith,XXXXXXXXX,Home Office,PR,9082 Merry Lookout,725.0,4,Apparel,18.256718,-66.37063,LATAM,Santo Domingo,República Dominicana,9854,2017-06-06 15:03:00,60807,365,27.0,0.15,152161,59.99,-0.77,3,179.97,152.97,-117.33,Caribbean,Santo Domingo,PENDING_PAYMENT,365,17,http://images.acmesports.sports/Perfect+Fitness+Perfect+Rip+Deck,Perfect Fitness Perfect Rip Deck,59.99,0,2017-06-09 15:03:00,Second Class
PAYMENT,4,2,47.88,152.97,Late delivery,1,17,Cleats,Caguas,Puerto Rico,XXXXXXXXX,Grace,376,Sanchez,XXXXXXXXX,Home Office,PR,6468 Fallen Close,725.0,4,Apparel,18.247543,-66.02531,LATAM,Dos Quebradas,Colombia,376,2017-02-18 16:36:00,53413,365,27.0,0.15,133456,59.99,0.31,3,179.97,152.97,47.88,South America,Risaralda,PENDING_PAYMENT,365,17,http://images.acmesports.sports/Perfect+Fitness+Perfect+Rip+Deck,Perfect Fitness Perfect Rip Deck,59.99,0,2017-02-22 16:36:00,Second Class
PAYMENT,4,2,72.0,150.0,Late delivery,1,24,Women's Apparel,Caguas,Puerto Rico,XXXXXXXXX,Dennis,5417,Meyer,XXXXXXXXX,Home Office,PR,7342 Hidden Walk,725.0,5,Golf,18.276737,-66.37055,LATAM,Ilopango,El Salvador,5417,2015-04-26 03:10:00,7888,502,0.0,0.0,19707,50.0,0.48,3,150.0,150.0,72.0,Central America,San Salvador,PENDING_PAYMENT,502,24,http://images.acmesports.sports/Nike+Men%27s+Dri-FIT+Victory+Golf+Polo,Nike Men's Dri-FIT Victory Golf Polo,50.0,0,2015-04-30 03:10:00,Second Class
PAYMENT,4,2,29.94,115.17,Late delivery,1,29,Shop By Sport,Caguas,Puerto Rico,XXXXXXXXX,Douglas,10759,Smith,XXXXXXXXX,Home Office,PR,577 Rustic Nectar Row,725.0,5,Golf,18.296848,-66.37051,LATAM,Tegucigalpa,Honduras,10759,2015-04-10 00:02:00,6783,627,4.8,0.04,16956,39.99,0.26,3,119.97,115.17,29.94,Central America,Francisco Morazán,PENDING_PAYMENT,627,29,http://images.acmesports.sports/Under+Armour+Girls%27+Toddler+Spine+Surge+Running+Shoe,Under Armour Girls' Toddler Spine Surge Runni,39.99,0,2015-04-14 00:02:00,Second Class
PAYMENT,4,2,23.47,144.0,Late delivery,1,24,Women's Apparel,Caguas,Puerto Rico,XXXXXXXXX,Mary,8541,Smith,XXXXXXXXX,Home Office,PR,5700 Little Circle,725.0,5,Golf,18.296093,-66.37051,LATAM,Juazeiro,Brasil,8541,2017-04-11 15:49:00,56973,502,6.0,0.04,142502,50.0,0.16,3,150.0,144.0,23.47,South America,Bahía,PENDING_PAYMENT,502,24,http://images.acmesports.sports/Nike+Men%27s+Dri-FIT+Victory+Golf+Polo,Nike Men's Dri-FIT Victory Golf Polo,50.0,0,2017-04-15 15:49:00,Second Class
PAYMENT,5,2,68.4,142.5,Late delivery,1,24,Women's Apparel,Caguas,Puerto Rico,XXXXXXXXX,Mary,10679,Smith,XXXXXXXXX,Home Office,PR,331 Grand Orchard,725.0,5,Golf,18.29108,-66.37051,LATAM,Santo Domingo,República Dominicana,10679,2015-04-25 04:44:00,7824,502,7.5,0.05,19563,50.0,0.48,3,150.0,142.5,68.4,Caribbean,Santo Domingo,PENDING_PAYMENT,502,24,http://images.acmesports.sports/Nike+Men%27s+Dri-FIT+Victory+Golf+Polo,Nike Men's Dri-FIT Victory Golf Polo,50.0,0,2015-04-30 04:44:00,Second Class
PAYMENT,6,2,43.66,139.5,Late delivery,1,24,Women's Apparel,Caguas,Puerto Rico,XXXXXXXXX,Mary,3752,Vega,XXXXXXXXX,Home Office,PR,7840 Umber Sky Villas,725.0,5,Golf,18.210573,-66.37058,LATAM,Mexico City,México,3752,2017-03-16 02:54:00,55155,502,10.5,0.07,137932,50.0,0.31,3,150.0,139.5,43.66,Central America,Distrito Federal,PENDING_PAYMENT,502,24,http://images.acmesports.sports/Nike+Men%27s+Dri-FIT+Victory+Golf+Polo,Nike Men's Dri-FIT Victory Golf Polo,50.0,0,2017-03-22 02:54:00,Second Class
PAYMENT,2,2,13.2,132.0,Shipping on time,0,24,Women's Apparel,Caguas,Puerto Rico,XXXXXXXXX,Wayne,4673,Hodges,XXXXXXXXX,Home Office,PR,7509 Iron Concession,725.0,5,Golf,18.201117,-66.37059,LATAM,Tlaquepaque,México,4673,2015-03-29 10:33:00,5991,502,18.0,0.12,14921,50.0,0.1,3,150.0,132.0,13.2,Central America,Jalisco,PENDING_PAYMENT,502,24,http://images.acmesports.sports/Nike+Men%27s+Dri-FIT+Victory+Golf+Polo,Nike Men's Dri-FIT Victory Golf Polo,50.0,0,2015-03-31 10:33:00,Second Class
PAYMENT,4,2,46.2,132.0,Late delivery,1,24,Women's Apparel,Caguas,Puerto Rico,XXXXXXXXX,Mary,5367,Mccormick,XXXXXXXXX,Home Office,PR,2199 Silver Autumn Key,725.0,5,Golf,18.214691,-66.370514,LATAM,Puebla,México,5367,2015-02-03 00:28:00,2263,502,18.0,0.12,5671,50.0,0.35,3,150.0,132.0,46.2,Central America,Puebla,PENDING_PAYMENT,502,24,http://images.acmesports.sports/Nike+Men%27s+Dri-FIT+Victory+Golf+Polo,Nike Men's Dri-FIT Victory Golf Polo,50.0,0,2015-02-07 00:28:00,Second Class
PAYMENT,4,2,10.44,130.5,Late delivery,1,24,Women's Apparel,Caguas,Puerto Rico,XXXXXXXXX,Mary,5367,Mccormick,XXXXXXXXX,Home Office,PR,2199 Silver Autumn Key,725.0,5,Golf,18.214691,-66.370514,LATAM,Puebla,México,5367,2015-02-03 00:28:00,2263,502,19.5,0.13,5669,50.0,0.08,3,150.0,130.5,10.44,Central America,Puebla,PENDING_PAYMENT,502,24,http://images.acmesports.sports/Nike+Men%27s+Dri-FIT+Victory+Golf+Polo,Nike Men's Dri-FIT Victory Golf Polo,50.0,0,2015-02-07 00:28:00,Second Class
PAYMENT,4,2,15.56,124.5,Late delivery,1,24,Women's Apparel,Caguas,Puerto Rico,XXXXXXXXX,Mary,10485,Smith,XXXXXXXXX,Home Office,PR,9470 Shady View Bend,725.0,5,Golf,18.284256,-66.37058,LATAM,Mexico City,México,10485,2017-02-18 13:05:00,53403,502,25.5,0.17,133427,50.0,0.13,3,150.0,124.5,15.56,Central America,Distrito Federal,PENDING_PAYMENT,502,24,http://images.acmesports.sports/Nike+Men%27s+Dri-FIT+Victory+Golf+Polo,Nike Men's Dri-FIT Victory Golf Polo,50.0,0,2017-02-22 13:05:00,Second Class
PAYMENT,4,2,32.86,99.58,Late delivery,1,29,Shop By Sport,Caguas,Puerto Rico,XXXXXXXXX,Ronald,9272,Blackwell,XXXXXXXXX,Home Office,PR,9366 Silent Nectar Highway,725.0,5,Golf,18.206669,-66.37057,LATAM,São Paulo,Brasil,9272,2017-01-18 19:37:00,51298,627,20.39,0.17,128201,39.99,0.33,3,119.97,99.58,32.86,South America,São Paulo,PENDING_PAYMENT,627,29,http://images.acmesports.sports/Under+Armour+Girls%27+Toddler+Spine+Surge+Running+Shoe,Under Armour Girls' Toddler Spine Surge Runni,39.99,0,2017-01-22 19:37:00,Second Class
TRANSFER,5,4,9.6,240.0,Late delivery,1,24,Women's Apparel,Caguas,Puerto Rico,XXXXXXXXX,Mary,647,Rios,XXXXXXXXX,Consumer,PR,4167 Stony Extension,725.0,5,Golf,18.359076,-66.077835,LATAM,Montevideo,Uruguay,647,2015-03-13 18:59:00,4919,502,10.0,0.04,12307,50.0,0.04,5,250.0,240.0,9.6,South America,Montevideo,PENDING,502,24,http://images.acmesports.sports/Nike+Men%27s+Dri-FIT+Victory+Golf+Polo,Nike Men's Dri-FIT Victory Golf Polo,50.0,0,2015-03-18 18:59:00,Standard Class
TRANSFER,6,4,55.09,189.95,Late delivery,1,29,Shop By Sport,Caguas,Puerto Rico,XXXXXXXXX,Tammy,6398,Smith,XXXXXXXXX,Consumer,PR,7370 Sleepy Way,725.0,5,Golf,18.263788,-66.37053,LATAM,Buenos Aires,Argentina,6398,2017-02-07 09:47:00,52640,627,10.0,0.05,131580,39.99,0.29,5,199.95,189.95,55.09,South America,Buenos Aires,PENDING,627,29,http://images.acmesports.sports/Under+Armour+Girls%27+Toddler+Spine+Surge+Running+Shoe,Under Armour Girls' Toddler Spine Surge Runni,39.99,0,2017-02-13 09:47:00,Standard Class
TRANSFER,4,4,68.59,188.95,Shipping on time,0,29,Shop By Sport,Caguas,Puerto Rico,XXXXXXXXX,Mary,4209,Lara,XXXXXXXXX,Consumer,PR,1613 Broad Beach,725.0,5,Golf,18.203304,-66.37052,LATAM,São Paulo,Brasil,4209,2015-04-03 19:08:00,6358,627,11.0,0.06,15921,39.99,0.36,5,199.95,188.95,68.59,South America,São Paulo,PENDING,627,29,http://images.acmesports.sports/Under+Armour+Girls%27+Toddler+Spine+Surge+Running+Shoe,Under Armour Girls' Toddler Spine Surge Runni,39.99,0,2015-04-07 19:08:00,Standard Class
TRANSFER,2,4,51.98,236.25,Advance shipping,0,24,Women's Apparel,Caguas,Puerto Rico,XXXXXXXXX,Mary,8917,Smith,XXXXXXXXX,Consumer,PR,4992 Jagged Forest Subdivision,725.0,5,Golf,18.22487,-66.37052,LATAM,Barueri,Brasil,8917,2017-04-13 14:25:00,57106,502,13.75,0.06,142841,50.0,0.22,5,250.0,236.25,51.98,South America,São Paulo,PENDING,502,24,http://images.acmesports.sports/Nike+Men%27s+Dri-FIT+Victory+Golf+Polo,Nike Men's Dri-FIT Victory Golf Polo,50.0,0,2017-04-15 14:25:00,Standard Class
TRANSFER,6,4,-23.63,236.25,Late delivery,1,24,Women's Apparel,Caguas,Puerto Rico,XXXXXXXXX,Mary,7784,Smith,XXXXXXXXX,Consumer,PR,3216 Red Glade,725.0,5,Golf,18.25061,-66.37063,LATAM,Arapongas,Brasil,7784,2015-04-02 03:33:00,6245,502,13.75,0.06,15634,50.0,-0.1,5,250.0,236.25,-23.63,South America,Paraná,PENDING,502,24,http://images.acmesports.sports/Nike+Men%27s+Dri-FIT+Victory+Golf+Polo,Nike Men's Dri-FIT Victory Golf Polo,50.0,0,2015-04-08 03:33:00,Standard Class
TRANSFER,2,4,66.89,136.5,Advance shipping,0,29,Shop By Sport,Caguas,Puerto Rico,XXXXXXXXX,Christina,1425,Harvey,XXXXXXXXX,Consumer,PR,3481 Crystal Campus,725.0,5,Golf,18.273403,-66.37052,LATAM,Camagüey,Cuba,1425,2017-01-31 11:43:00,52166,642,13.5,0.09,130341,30.0,0.49,5,150.0,136.5,66.89,Caribbean,Camagüey,PENDING,642,29,http://images.acmesports.sports/Columbia+Men%27s+PFG+Anchor+Tough+T-Shirt,Columbia Men's PFG Anchor Tough T-Shirt,30.0,0,2017-02-02 11:43:00,Standard Class
TRANSFER,3,4,11.46,181.95,Advance shipping,0,29,Shop By Sport,Caguas,Puerto Rico,XXXXXXXXX,Mary,2737,Smith,XXXXXXXXX,Consumer,PR,5424 Rustic Anchor Boulevard,725.0,5,Golf,18.29138,-66.37054,LATAM,Las Tunas,Cuba,2737,2017-03-30 23:12:00,56172,627,18.0,0.09,140494,39.99,0.06,5,199.95,181.95,11.46,Caribbean,Las Tunas,PENDING,627,29,http://images.acmesports.sports/Under+Armour+Girls%27+Toddler+Spine+Surge+Running+Shoe,Under Armour Girls' Toddler Spine Surge Runni,39.99,0,2017-04-02 23:12:00,Standard Class
TRANSFER,5,4,22.5,225.0,Late delivery,1,24,Women's Apparel,Caguas,Puerto Rico,XXXXXXXXX,Mary,6428,Smith,XXXXXXXXX,Consumer,PR,3567 Heather Knoll,725.0,5,Golf,18.247389,-66.370575,LATAM,Santo Domingo,República Dominicana,6428,2017-03-25 23:02:00,55829,502,25.0,0.1,139611,50.0,0.1,5,250.0,225.0,22.5,Caribbean,Santo Domingo,PENDING,502,24,http://images.acmesports.sports/Nike+Men%27s+Dri-FIT+Victory+Golf+Polo,Nike Men's Dri-FIT Victory Golf Polo,50.0,0,2017-03-30 23:02:00,Standard Class
TRANSFER,4,4,67.5,225.0,Shipping on time,0,24,Women's Apparel,Caguas,Puerto Rico,XXXXXXXXX,Alexander,6543,Smith,XXXXXXXXX,Consumer,PR,7958 Thunder Apple Street,725.0,5,Golf,18.279205,-66.37055,LATAM,Tepic,México,6543,2017-02-05 01:01:00,52478,502,25.0,0.1,131161,50.0,0.3,5,250.0,225.0,67.5,Central America,Nayarit,PENDING,502,24,http://images.acmesports.sports/Nike+Men%27s+Dri-FIT+Victory+Golf+Polo,Nike Men's Dri-FIT Victory Golf Polo,50.0,0,2017-02-09 01:01:00,Standard Class
TRANSFER,3,4,78.28,173.96,Advance shipping,0,29,Shop By Sport,Guayama,Puerto Rico,XXXXXXXXX,Sandra,3990,Smith,XXXXXXXXX,Consumer,PR,6496 Harvest Highlands,784.0,5,Golf,17.98249,-66.11267,LATAM,San Miguelito,Panamá,3990,2017-04-15 14:04:00,57242,627,25.99,0.13,143183,39.99,0.45,5,199.95,173.96,78.28,Central America,Panamá,PENDING,627,29,http://images.acmesports.sports/Under+Armour+Girls%27+Toddler+Spine+Surge+Running+Shoe,Under Armour Girls' Toddler Spine Surge Runni,39.99,0,2017-04-18 14:04:00,Standard Class
TRANSFER,3,4,104.4,217.5,Advance shipping,0,24,Women's Apparel,Caguas,Puerto Rico,XXXXXXXXX,Ruth,8524,Farrell,XXXXXXXXX,Consumer,PR,1453 Lazy Cider Hill,725.0,5,Golf,18.24496,-66.37054,LATAM,Ixtapaluca,México,8524,2015-02-15 18:40:00,3137,502,32.5,0.13,7805,50.0,0.48,5,250.0,217.5,104.4,Central America,México,PENDING,502,24,http://images.acmesports.sports/Nike+Men%27s+Dri-FIT+Victory+Golf+Polo,Nike Men's Dri-FIT Victory Golf Polo,50.0,0,2015-02-18 18:40:00,Standard Class
TRANSFER,3,4,47.85,217.5,Advance shipping,0,24,Women's Apparel,Caguas,Puerto Rico,XXXXXXXXX,Mary,9204,Harris,XXXXXXXXX,Consumer,PR,8713 Quaking Abbey,725.0,5,Golf,18.284536,-66.370605,LATAM,Maceió,Brasil,9204,2017-05-27 16:48:00,60127,502,32.5,0.13,150464,50.0,0.22,5,250.0,217.5,47.85,South America,Alagoas,PENDING,502,24,http://images.acmesports.sports/Nike+Men%27s+Dri-FIT+Victory+Golf+Polo,Nike Men's Dri-FIT Victory Golf Polo,50.0,0,2017-05-30 16:48:00,Standard Class
TRANSFER,4,4,44.19,169.96,Shipping on time,0,29,Shop By Sport,Caguas,Puerto Rico,XXXXXXXXX,Lauren,11761,Coleman,XXXXXXXXX,Consumer,PR,1285 Noble Pointe,725.0,5,Golf,18.283392,-66.370514,LATAM,David,Panamá,11761,2015-02-25 20:46:00,3828,627,29.99,0.15,9521,39.99,0.26,5,199.95,169.96,44.19,Central America,Chiriquí,PENDING,627,29,http://images.acmesports.sports/Under+Armour+Girls%27+Toddler+Spine+Surge+Running+Shoe,Under Armour Girls' Toddler Spine Surge Runni,39.99,0,2015-03-01 20:46:00,Standard Class
TRANSFER,2,4,8.5,212.5,Advance shipping,0,24,Women's Apparel,Caguas,Puerto Rico,XXXXXXXXX,Mary,9554,Hayes,XXXXXXXXX,Consumer,PR,6314 Honey Canyon,725.0,5,Golf,18.221725,-66.37059,LATAM,Belo Horizonte,Brasil,9554,2017-05-31 11:33:00,60386,502,37.5,0.15,151122,50.0,0.04,5,250.0,212.5,8.5,South America,Minas Gerais,PENDING,502,24,http://images.acmesports.sports/Nike+Men%27s+Dri-FIT+Victory+Golf+Polo,Nike Men's Dri-FIT Victory Golf Polo,50.0,0,2017-06-02 11:33:00,Standard Class
TRANSFER,4,4,83.98,167.96,Shipping on time,0,29,Shop By Sport,Caguas,Puerto Rico,XXXXXXXXX,Mary,5118,Smith,XXXXXXXXX,Consumer,PR,1388 Blue Turnabout,725.0,5,Golf,18.253332,-66.370514,LATAM,Santiago de Cuba,Cuba,5118,2015-01-15 04:32:00,973,627,31.99,0.16,2420,39.99,0.5,5,199.95,167.96,83.98,Caribbean,Santiago de Cuba,PENDING,627,29,http://images.acmesports.sports/Under+Armour+Girls%27+Toddler+Spine+Surge+Running+Shoe,Under Armour Girls' Toddler Spine Surge Runni,39.99,0,2015-01-19 04:32:00,Standard Class
TRANSFER,5,4,70.14,207.5,Late delivery,1,24,Women's Apparel,Caguas,Puerto Rico,XXXXXXXXX,Gregory,5506,Smith,XXXXXXXXX,Consumer,PR,1122 Old Fox Lookout,725.0,5,Golf,18.229769,-66.37053,LATAM,San Pedro Sula,Honduras,5506,2017-04-26 15:16:00,57999,502,42.5,0.17,145119,50.0,0.34,5,250.0,207.5,70.14,Central America,Cortés,PENDING,502,24,http://images.acmesports.sports/Nike+Men%27s+Dri-FIT+Victory+Golf+Polo,Nike Men's Dri-FIT Victory Golf Polo,50.0,0,2017-05-01 15:16:00,Standard Class
TRANSFER,6,4,72.63,207.5,Late delivery,1,24,Women's Apparel,Caguas,Puerto Rico,XXXXXXXXX,Mary,1423,Day,XXXXXXXXX,Consumer,PR,257 Iron Elk Maze,725.0,5,Golf,18.229784,-66.370544,LATAM,Lima,Perú,1423,2017-03-07 19:12:00,54585,502,42.5,0.17,136527,50.0,0.35,5,250.0,207.5,72.63,South America,Lima (ciudad),PENDING,502,24,http://images.acmesports.sports/Nike+Men%27s+Dri-FIT+Victory+Golf+Polo,Nike Men's Dri-FIT Victory Golf Polo,50.0,0,2017-03-13 19:12:00,Standard Class
TRANSFER,4,4,-140.0,200.0,Shipping on time,0,24,Women's Apparel,Caguas,Puerto Rico,XXXXXXXXX,Mary,138,Dawson,XXXXXXXXX,Consumer,PR,9544 Noble Spring Route,725.0,5,Golf,18.227581,-66.04357,LATAM,Holguín,Cuba,138,2017-04-20 18:47:00,57598,502,50.0,0.2,144075,50.0,-0.7,5,250.0,200.0,-140.0,Caribbean,Holguín,PENDING,502,24,http://images.acmesports.sports/Nike+Men%27s+Dri-FIT+Victory+Golf+Polo,Nike Men's Dri-FIT Victory Golf Polo,50.0,0,2017-04-24 18:47:00,Standard Class
TRANSFER,5,4,-32.6,200.0,Late delivery,1,24,Women's Apparel,Caguas,Puerto Rico,XXXXXXXXX,Mary,6360,Phillips,XXXXXXXXX,Consumer,PR,7094 Misty Wynd,725.0,5,Golf,18.222973,-66.37059,LATAM,Orizaba,México,6360,2017-03-03 06:14:00,54274,502,50.0,0.2,135699,50.0,-0.16,5,250.0,200.0,-32.6,Central America,Veracruz,PENDING,502,24,http://images.acmesports.sports/Nike+Men%27s+Dri-FIT+Victory+Golf+Polo,Nike Men's Dri-FIT Victory Golf Polo,50.0,0,2017-03-08 06:14:00,Standard Class
TRANSFER,4,4,68.98,149.96,Shipping on time,0,29,Shop By Sport,Caguas,Puerto Rico,XXXXXXXXX,Ronald,2053,Smith,XXXXXXXXX,Consumer,PR,1025 Colonial Plaza,725.0,5,Golf,18.241207,-66.37051,LATAM,Managua,Nicaragua,2053,2017-06-04 16:06:00,60673,627,49.99,0.25,151869,39.99,0.46,5,199.95,149.96,68.98,Central America,Managua,PENDING,627,29,http://images.acmesports.sports/Under+Armour+Girls%27+Toddler+Spine+Surge+Running+Shoe,Under Armour Girls' Toddler Spine Surge Runni,39.99,0,2017-06-08 16:06:00,Standard Class
TRANSFER,3,4,-11.81,187.5,Advance shipping,0,24,Women's Apparel,Juana Diaz,Puerto Rico,XXXXXXXXX,Mary,10344,Smith,XXXXXXXXX,Consumer,PR,2839 Grand Timber Canyon,795.0,5,Golf,18.05199,-66.50185,LATAM,Villahermosa,México,10344,2017-05-16 21:33:00,59387,502,62.5,0.25,148673,50.0,-0.06,5,250.0,187.5,-11.81,Central America,Tabasco,PENDING,502,24,http://images.acmesports.sports/Nike+Men%27s+Dri-FIT+Victory+Golf+Polo,Nike Men's Dri-FIT Victory Golf Polo,50.0,0,2017-05-19 21:33:00,Standard Class
TRANSFER,6,4,52.5,187.5,Late delivery,1,24,Women's Apparel,Caguas,Puerto Rico,XXXXXXXXX,Tammy,6398,Smith,XXXXXXXXX,Consumer,PR,7370 Sleepy Way,725.0,5,Golf,18.263788,-66.37053,LATAM,Buenos Aires,Argentina,6398,2017-02-07 09:47:00,52640,502,62.5,0.25,131577,50.0,0.28,5,250.0,187.5,52.5,South America,Buenos Aires,PENDING,502,24,http://images.acmesports.sports/Nike+Men%27s+Dri-FIT+Victory+Golf+Polo,Nike Men's Dri-FIT Victory Golf Polo,50.0,0,2017-02-13 09:47:00,Standard Class
TRANSFER,3,4,91.88,187.5,Advance shipping,0,24,Women's Apparel,Caguas,Puerto Rico,XXXXXXXXX,Mary,3375,Sanchez,XXXXXXXXX,Consumer,PR,6174 Wishing Front,725.0,5,Golf,18.206642,-66.37053,LATAM,Quixadá,Brasil,3375,2015-05-27 01:32:00,10007,502,62.5,0.25,24992,50.0,0.49,5,250.0,187.5,91.88,South America,Ceará,PENDING,502,24,http://images.acmesports.sports/Nike+Men%27s+Dri-FIT+Victory+Golf+Polo,Nike Men's Dri-FIT Victory Golf Polo,50.0,0,2015-05-30 01:32:00,Standard Class
TRANSFER,5,4,29.69,237.55,Late delivery,1,37,Electronics,Caguas,Puerto Rico,XXXXXXXXX,Melissa,1339,Mack,XXXXXXXXX,Consumer,PR,9447 Dusty Gate Centre,725.0,6,Outdoors,18.278252,-66.3706,LATAM,Mejicanos,El Salvador,1339,2017-03-28 05:20:00,55984,818,2.4,0.01,139976,47.99,0.13,5,239.95,237.55,29.69,Central America,San Salvador,PENDING,818,37,http://images.acmesports.sports/Titleist+Pro+V1x+Golf+Balls,Titleist Pro V1x Golf Balls,47.99,0,2017-04-02 05:20:00,Standard Class
TRANSFER,4,4,73.7,153.55,Shipping on time,0,37,Electronics,Caguas,Puerto Rico,XXXXXXXXX,Alexander,6543,Smith,XXXXXXXXX,Consumer,PR,7958 Thunder Apple Street,725.0,6,Outdoors,18.279205,-66.37055,LATAM,Tepic,México,6543,2017-02-05 01:01:00,52478,825,6.4,0.04,131164,31.99,0.48,5,159.95,153.55,73.7,Central America,Nayarit,PENDING,825,37,http://images.acmesports.sports/Bridgestone+e6+Straight+Distance+NFL+Tennessee+Titans+Golf...,Bridgestone e6 Straight Distance NFL Tennesse,31.99,0,2017-02-09 01:01:00,Standard Class
TRANSFER,6,4,-79.19,395.96,Late delivery,1,38,Kids' Golf Clubs,Guayama,Puerto Rico,XXXXXXXXX,Sandra,3990,Smith,XXXXXXXXX,Consumer,PR,6496 Harvest Highlands,784.0,6,Outdoors,17.98249,-66.11267,LATAM,Mixco,Guatemala,3990,2017-05-02 03:00:00,58375,306,53.99,0.12,146090,89.99,-0.2,5,449.95,395.96,-79.19,Central America,Guatemala,PENDING,306,38,http://images.acmesports.sports/Polar+FT4+Heart+Rate+Monitor,Polar FT4 Heart Rate Monitor,89.99,0,2017-05-08 03:00:00,Standard Class
TRANSFER,4,4,34.85,124.46,Shipping on time,0,44,Hunting & Shooting,Caguas,Puerto Rico,XXXXXXXXX,Mary,7247,Smith,XXXXXXXXX,Consumer,PR,6401 Shady Embers Farms,725.0,7,Fan Shop,18.22776,-66.37059,LATAM,Nueva Gerona,Cuba,7247,2017-04-03 23:53:00,56448,977,25.49,0.17,141192,29.99,0.28,5,149.95,124.46,34.85,Caribbean,Isla de la Juventud,PENDING,977,44,http://images.acmesports.sports/ENO+Atlas+Hammock+Straps,ENO Atlas Hammock Straps,29.99,0,2017-04-07 23:53:00,Standard Class
TRANSFER,2,4,74.09,284.95,Advance shipping,0,3,Baseball & Softball,Caguas,Puerto Rico,XXXXXXXXX,Maria,1273,Evans,XXXXXXXXX,Consumer,PR,595 Indian Path,725.0,2,Fitness,18.236244,-66.37062,LATAM,Buenos Aires,Argentina,1273,2015-04-30 23:49:00,8221,44,15.0,0.05,20537,59.99,0.26,5,299.95,284.95,74.09,South America,Buenos Aires,PROCESSING,44,3,http://images.acmesports.sports/adidas+Men%27s+F10+Messi+TRX+FG+Soccer+Cleat,adidas Men's F10 Messi TRX FG Soccer Cleat,59.99,0,2015-05-02 23:49:00,Standard Class
TRANSFER,5,4,149.99,499.95,Late delivery,1,9,Cardio Equipment,Caguas,Puerto Rico,XXXXXXXXX,Eugene,6277,Smith,XXXXXXXXX,Consumer,PR,1820 Noble Elk Harbour,725.0,3,Footwear,18.219492,-66.37053,LATAM,Chimaltenango,Guatemala,6277,2017-04-27 03:32:00,58034,191,0.0,0.0,145203,99.99,0.3,5,499.95,499.95,149.99,Central America,Chimaltenango,PROCESSING,191,9,http://images.acmesports.sports/Nike+Men%27s+Free+5.0%2B+Running+Shoe,Nike Men's Free 5.0+ Running Shoe,99.99,0,2017-05-02 03:32:00,Standard Class
TRANSFER,4,4,-18.81,494.95,Shipping on time,0,9,Cardio Equipment,Caguas,Puerto Rico,XXXXXXXXX,James,7701,Lawson,XXXXXXXXX,Consumer,PR,1577 Green Vista,725.0,3,Footwear,18.252892,-66.37058,LATAM,Villa Nueva,Guatemala,7701,2015-02-02 03:27:00,2203,191,5.0,0.01,5525,99.99,-0.04,5,499.95,494.95,-18.81,Central America,Guatemala,PROCESSING,191,9,http://images.acmesports.sports/Nike+Men%27s+Free+5.0%2B+Running+Shoe,Nike Men's Free 5.0+ Running Shoe,99.99,0,2015-02-06 03:27:00,Standard Class
TRANSFER,5,4,140.64,484.95,Late delivery,1,9,Cardio Equipment,Caguas,Puerto Rico,XXXXXXXXX,John,4126,Stokes,XXXXXXXXX,Consumer,PR,9920 Little Lane,725.0,3,Footwear,18.22985,-66.37062,LATAM,Quito,Ecuador,4126,2017-02-13 16:05:00,53069,191,15.0,0.03,132642,99.99,0.29,5,499.95,484.95,140.64,South America,Pichincha,PROCESSING,191,9,http://images.acmesports.sports/Nike+Men%27s+Free+5.0%2B+Running+Shoe,Nike Men's Free 5.0+ Running Shoe,99.99,0,2017-02-18 16:05:00,Standard Class
TRANSFER,2,4,36.0,479.95,Advance shipping,0,9,Cardio Equipment,Caguas,Puerto Rico,XXXXXXXXX,Mary,9528,Flores,XXXXXXXXX,Consumer,PR,3089 Gentle Horse Chase,725.0,3,Footwear,18.2219,-66.37052,LATAM,Managua,Nicaragua,9528,2017-05-27 23:28:00,60146,191,20.0,0.04,150522,99.99,0.08,5,499.95,479.95,36.0,Central America,Managua,PROCESSING,191,9,http://images.acmesports.sports/Nike+Men%27s+Free+5.0%2B+Running+Shoe,Nike Men's Free 5.0+ Running Shoe,99.99,0,2017-05-29 23:28:00,Standard Class
TRANSFER,5,4,179.98,479.95,Late delivery,1,9,Cardio Equipment,Caguas,Puerto Rico,XXXXXXXXX,Mary,1853,Austin,XXXXXXXXX,Consumer,PR,4090 Colonial End,725.0,3,Footwear,18.260191,-66.37053,LATAM,Valle de La Pascua,Venezuela,1853,2017-03-19 19:53:00,55409,191,20.0,0.04,138585,99.99,0.38,5,499.95,479.95,179.98,South America,Guárico,PROCESSING,191,9,http://images.acmesports.sports/Nike+Men%27s+Free+5.0%2B+Running+Shoe,Nike Men's Free 5.0+ Running Shoe,99.99,0,2017-03-24 19:53:00,Standard Class
TRANSFER,4,4,-783.67,474.95,Shipping on time,0,9,Cardio Equipment,Caguas,Puerto Rico,XXXXXXXXX,Roy,11149,Smith,XXXXXXXXX,Consumer,PR,4601 Amber Grove Hollow,725.0,3,Footwear,18.281286,-66.37051,LATAM,San Miguelito,Panamá,11149,2015-05-07 15:56:00,8678,191,25.0,0.05,21674,99.99,-1.65,5,499.95,474.95,-783.67,Central America,Panamá,PROCESSING,191,9,http://images.acmesports.sports/Nike+Men%27s+Free+5.0%2B+Running+Shoe,Nike Men's Free 5.0+ Running Shoe,99.99,0,2015-05-11 15:56:00,Standard Class
TRANSFER,6,4,199.48,474.95,Late delivery,1,9,Cardio Equipment,Caguas,Puerto Rico,XXXXXXXXX,Katherine,5828,Oconnell,XXXXXXXXX,Consumer,PR,2127 Middle Goose Mews,725.0,3,Footwear,18.211018,-66.37053,LATAM,San Miguelito,Panamá,5828,2015-04-27 11:23:00,7980,191,25.0,0.05,19945,99.99,0.42,5,499.95,474.95,199.48,Central America,Panamá,PROCESSING,191,9,http://images.acmesports.sports/Nike+Men%27s+Free+5.0%2B+Running+Shoe,Nike Men's Free 5.0+ Running Shoe,99.99,0,2015-05-03 11:23:00,Standard Class
TRANSFER,6,4,-269.97,449.96,Late delivery,1,9,Cardio Equipment,Caguas,Puerto Rico,XXXXXXXXX,Mary,6887,Smith,XXXXXXXXX,Consumer,PR,8840 Harvest Towers,725.0,3,Footwear,18.220198,-66.37058,LATAM,Petapa,Guatemala,6887,2017-04-14 18:06:00,57185,191,50.0,0.1,143043,99.99,-0.6,5,499.95,449.96,-269.97,Central America,Guatemala,PROCESSING,191,9,http://images.acmesports.sports/Nike+Men%27s+Free+5.0%2B+Running+Shoe,Nike Men's Free 5.0+ Running Shoe,99.99,0,2017-04-20 18:06:00,Standard Class
TRANSFER,2,4,-22.5,449.96,Advance shipping,0,9,Cardio Equipment,Caguas,Puerto Rico,XXXXXXXXX,Janet,4781,Smith,XXXXXXXXX,Consumer,PR,8617 Cinder Mountain Forest,725.0,3,Footwear,18.25534,-66.37051,LATAM,Cotia,Brasil,4781,2015-05-07 01:13:00,8636,191,50.0,0.1,21551,99.99,-0.05,5,499.95,449.96,-22.5,South America,São Paulo,PROCESSING,191,9,http://images.acmesports.sports/Nike+Men%27s+Free+5.0%2B+Running+Shoe,Nike Men's Free 5.0+ Running Shoe,99.99,0,2015-05-09 01:13:00,Standard Class
TRANSFER,3,4,59.06,337.46,Advance shipping,0,12,Boxing & MMA,Caguas,Puerto Rico,XXXXXXXXX,Mary,10668,Smith,XXXXXXXXX,Consumer,PR,5087 Crystal Hills Manor,725.0,3,Footwear,18.232159,-66.37059,LATAM,Itapecuru Mirim,Brasil,10668,2017-06-12 05:55:00,61192,251,112.49,0.25,153077,89.99,0.18,5,449.95,337.46,59.06,South America,Marañón,PROCESSING,251,12,http://images.acmesports.sports/Brooks+Women%27s+Ghost+6+Running+Shoe,Brooks Women's Ghost 6 Running Shoe,89.99,0,2017-06-15 05:55:00,Standard Class
TRANSFER,2,4,140.98,299.95,Advance shipping,0,17,Cleats,Caguas,Puerto Rico,XXXXXXXXX,Mary,5421,Carlson,XXXXXXXXX,Consumer,PR,1548 Lazy Place,725.0,4,Apparel,18.207376,-66.37055,LATAM,León,Nicaragua,5421,2017-03-26 15:30:00,55876,365,0.0,0.0,139714,59.99,0.47,5,299.95,299.95,140.98,Central America,León,PROCESSING,365,17,http://images.acmesports.sports/Perfect+Fitness+Perfect+Rip+Deck,Perfect Fitness Perfect Rip Deck,59.99,0,2017-03-28 15:30:00,Standard Class
TRANSFER,2,4,81.66,296.95,Advance shipping,0,17,Cleats,Caguas,Puerto Rico,XXXXXXXXX,Nicole,10200,Smith,XXXXXXXXX,Consumer,PR,9009 Merry Nectar Heights,725.0,4,Apparel,18.273315,-66.370605,LATAM,Tlalpan,México,10200,2017-02-17 11:52:00,53331,365,3.0,0.01,133251,59.99,0.28,5,299.95,296.95,81.66,Central America,Distrito Federal,PROCESSING,365,17,http://images.acmesports.sports/Perfect+Fitness+Perfect+Rip+Deck,Perfect Fitness Perfect Rip Deck,59.99,0,2017-02-19 11:52:00,Standard Class
TRANSFER,6,4,18.41,296.95,Late delivery,1,17,Cleats,Caguas,Puerto Rico,XXXXXXXXX,Sharon,11254,Smith,XXXXXXXXX,Consumer,PR,4316 Misty Way,725.0,4,Apparel,18.262665,-66.37061,LATAM,Apopa,El Salvador,11254,2017-01-25 01:13:00,51725,365,3.0,0.01,129241,59.99,0.06,5,299.95,296.95,18.41,Central America,San Salvador,PROCESSING,365,17,http://images.acmesports.sports/Perfect+Fitness+Perfect+Rip+Deck,Perfect Fitness Perfect Rip Deck,59.99,0,2017-01-31 01:13:00,Standard Class
TRANSFER,3,4,33.22,293.95,Advance shipping,0,17,Cleats,Caguas,Puerto Rico,XXXXXXXXX,Mary,11106,Navarro,XXXXXXXXX,Consumer,PR,6324 Lazy Lane,725.0,4,Apparel,18.260164,-66.37059,LATAM,Cipolletti,Argentina,11106,2017-02-06 06:27:00,52562,365,6.0,0.02,131382,59.99,0.11,5,299.95,293.95,33.22,South America,Río Negro,PROCESSING,365,17,http://images.acmesports.sports/Perfect+Fitness+Perfect+Rip+Deck,Perfect Fitness Perfect Rip Deck,59.99,0,2017-02-09 06:27:00,Standard Class
TRANSFER,5,4,25.31,290.95,Late delivery,1,17,Cleats,Caguas,Puerto Rico,XXXXXXXXX,Mary,8456,Smith,XXXXXXXXX,Consumer,PR,9198 Rocky Run,725.0,4,Apparel,18.245352,-66.3706,LATAM,Mejicanos,El Salvador,8456,2017-05-22 06:08:00,59754,365,9.0,0.03,149532,59.99,0.09,5,299.95,290.95,25.31,Central America,San Salvador,PROCESSING,365,17,http://images.acmesports.sports/Perfect+Fitness+Perfect+Rip+Deck,Perfect Fitness Perfect Rip Deck,59.99,0,2017-05-27 06:08:00,Standard Class
TRANSFER,5,4,-239.86,287.95,Late delivery,1,17,Cleats,Caguas,Puerto Rico,XXXXXXXXX,Matthew,6149,Bush,XXXXXXXXX,Consumer,PR,5736 Heather Byway,725.0,4,Apparel,18.21775,-66.370605,LATAM,La Ceiba,Honduras,6149,2017-02-21 01:00:00,53574,365,12.0,0.04,133893,59.99,-0.83,5,299.95,287.95,-239.86,Central America,Atlántida,PROCESSING,365,17,http://images.acmesports.sports/Perfect+Fitness+Perfect+Rip+Deck,Perfect Fitness Perfect Rip Deck,59.99,0,2017-02-26 01:00:00,Standard Class
TRANSFER,5,4,-155.9,283.45,Late delivery,1,17,Cleats,Caguas,Puerto Rico,XXXXXXXXX,Anthony,1473,Young,XXXXXXXXX,Consumer,PR,7334 Umber Expressway,725.0,4,Apparel,18.292149,-66.37061,LATAM,Córdoba,México,1473,2015-01-06 19:26:00,399,365,16.5,0.06,989,59.99,-0.55,5,299.95,283.45,-155.9,Central America,Veracruz,PROCESSING,365,17,http://images.acmesports.sports/Perfect+Fitness+Perfect+Rip+Deck,Perfect Fitness Perfect Rip Deck,59.99,0,2015-01-11 19:26:00,Standard Class
DEBIT,6,2,40.02,86.99,Late delivery,1,9,Cardio Equipment,Caguas,Puerto Rico,XXXXXXXXX,Jerry,1840,Smith,XXXXXXXXX,Consumer,PR,427 Grand Branch Hill,725.0,3,Footwear,18.267374,-66.37063,Africa,Kuito,Angola,1840,2017-01-15 04:44:00,51050,191,13.0,0.13,127587,99.99,0.46,1,99.99,86.99,40.02,Central Africa,Bié,ON_HOLD,191,9,http://images.acmesports.sports/Nike+Men%27s+Free+5.0%2B+Running+Shoe,Nike Men's Free 5.0+ Running Shoe,99.99,0,2017-01-21 04:44:00,Second Class
DEBIT,6,2,44.59,127.39,Late delivery,1,18,Men's Footwear,Caguas,Puerto Rico,XXXXXXXXX,Mary,6757,Freeman,XXXXXXXXX,Consumer,PR,2035 Lazy Diversion,725.0,4,Apparel,18.296595,-66.37059,Africa,Jartum,Sudán,6757,2016-10-28 19:23:00,45680,403,2.6,0.02,114171,129.99,0.35,1,129.99,127.39,44.59,North Africa,Jartum,ON_HOLD,403,18,http://images.acmesports.sports/Nike+Men%27s+CJ+Elite+2+TD+Football+Cleat,Nike Men's CJ Elite 2 TD Football Cleat,129.99,0,2016-11-03 19:23:00,Second Class
DEBIT,3,2,57.96,118.29,Late delivery,1,18,Men's Footwear,Caguas,Puerto Rico,XXXXXXXXX,Laura,3972,Bennett,XXXXXXXXX,Consumer,PR,4520 Grand Port,725.0,4,Apparel,18.274685,-66.37057,Africa,Hargeysa,Somalia,3972,2016-09-19 13:39:00,42992,403,11.7,0.09,107395,129.99,0.49,1,129.99,118.29,57.96,East Africa,Gobolka Woqooyi Galbeed,ON_HOLD,403,18,http://images.acmesports.sports/Nike+Men%27s+CJ+Elite+2+TD+Football+Cleat,Nike Men's CJ Elite 2 TD Football Cleat,129.99,0,2016-09-22 13:39:00,Second Class
DEBIT,5,2,30.42,116.99,Late delivery,1,18,Men's Footwear,Caguas,Puerto Rico,XXXXXXXXX,Megan,9316,Sanders,XXXXXXXXX,Consumer,PR,7489 Green End,725.0,4,Apparel,18.219446,-66.370575,Africa,Kenitra,Marruecos,9316,2016-08-25 22:16:00,41304,403,13.0,0.1,103114,129.99,0.26,1,129.99,116.99,30.42,North Africa,Garb-Chrarda-Beni Hsen,ON_HOLD,403,18,http://images.acmesports.sports/Nike+Men%27s+CJ+Elite+2+TD+Football+Cleat,Nike Men's CJ Elite 2 TD Football Cleat,129.99,0,2016-08-30 22:16:00,Second Class
DEBIT,6,2,24.6,49.19,Late delivery,1,17,Cleats,Caguas,Puerto Rico,XXXXXXXXX,Mary,6757,Freeman,XXXXXXXXX,Consumer,PR,2035 Lazy Diversion,725.0,4,Apparel,18.296595,-66.37059,Africa,Jartum,Sudán,6757,2016-10-28 19:23:00,45680,365,10.8,0.18,114173,59.99,0.5,1,59.99,49.19,24.6,North Africa,Jartum,ON_HOLD,365,17,http://images.acmesports.sports/Perfect+Fitness+Perfect+Rip+Deck,Perfect Fitness Perfect Rip Deck,59.99,0,2016-11-03 19:23:00,Second Class
DEBIT,4,2,48.88,103.99,Late delivery,1,18,Men's Footwear,Caguas,Puerto Rico,XXXXXXXXX,Mary,11213,Black,XXXXXXXXX,Consumer,PR,620 Thunder Creek Towers,725.0,4,Apparel,18.239756,-66.37059,Africa,Abidjan,Costa de Marfil,11213,2016-10-07 23:26:00,44253,403,26.0,0.2,110494,129.99,0.47,1,129.99,103.99,48.88,West Africa,Lagunes,ON_HOLD,403,18,http://images.acmesports.sports/Nike+Men%27s+CJ+Elite+2+TD+Football+Cleat,Nike Men's CJ Elite 2 TD Football Cleat,129.99,0,2016-10-11 23:26:00,Second Class
DEBIT,4,2,0.0,296.98,Late delivery,1,43,Camping & Hiking,Caguas,Puerto Rico,XXXXXXXXX,Jack,3474,Hatfield,XXXXXXXXX,Consumer,PR,555 Lazy Robin Freeway,725.0,7,Fan Shop,18.264326,-66.370605,Africa,Abu Kabir,Egipto,3474,2016-11-03 21:49:00,46098,957,3.0,0.01,115235,299.98,0.0,1,299.98,296.98,0.0,North Africa,Ash Sharqiyah,ON_HOLD,957,43,http://images.acmesports.sports/Diamondback+Women%27s+Serene+Classic+Comfort+Bike+2014,Diamondback Women's Serene Classic Comfort Bi,299.98,0,2016-11-07 21:49:00,Second Class
DEBIT,5,2,95.54,293.98,Late delivery,1,43,Camping & Hiking,Caguas,Puerto Rico,XXXXXXXXX,Megan,9316,Sanders,XXXXXXXXX,Consumer,PR,7489 Green End,725.0,7,Fan Shop,18.219446,-66.370575,Africa,Kenitra,Marruecos,9316,2016-08-25 22:16:00,41304,957,6.0,0.02,103115,299.98,0.33,1,299.98,293.98,95.54,North Africa,Garb-Chrarda-Beni Hsen,ON_HOLD,957,43,http://images.acmesports.sports/Diamondback+Women%27s+Serene+Classic+Comfort+Bike+2014,Diamondback Women's Serene Classic Comfort Bi,299.98,0,2016-08-30 22:16:00,Second Class
DEBIT,3,2,-50.58,252.88,Late delivery,1,65,Consumer Electronics,Caguas,Puerto Rico,XXXXXXXXX,Kirestin,14630,Barr,XXXXXXXXX,Consumer,PR,4722 Round Embers Falls,725.0,10,Technology,18.270855,-66.037056,Europe,Perugia,Italia,14630,2017-11-03 13:05:00,71077,1352,0.0,0.0,174392,252.88,-0.2,1,252.88,252.88,-50.58,Southern Europe,Umbría,COMPLETE,1352,65,http://images.acmesports.sports/Industrial+consumer+electronics,Industrial consumer electronics,252.88,0,2017-11-06 13:05:00,Second Class
DEBIT,4,2,120.83,447.52,Late delivery,1,62,Cameras ,Caguas,Puerto Rico,XXXXXXXXX,Nora,13256,Downs,XXXXXXXXX,Consumer,PR,1836 Cozy View Orchard,725.0,10,Technology,18.236652,-66.03706,Europe,Nuremberg,Alemania,13256,2017-10-14 11:42:00,69703,1349,4.52,0.01,173018,452.04,0.27,1,452.04,447.52,120.83,Western Europe,Bavaria,COMPLETE,1349,62,http://images.acmesports.sports/Web+Camera,Web Camera,452.04,0,2017-10-18 11:42:00,Second Class
DEBIT,3,2,25.04,250.35,Late delivery,1,65,Consumer Electronics,Caguas,Puerto Rico,XXXXXXXXX,Jennifer,14665,Stokes,XXXXXXXXX,Consumer,PR,5257 Umber Field,725.0,10,Technology,18.28206,-66.037056,Europe,Reims,Francia,14665,2017-11-04 01:21:00,71112,1352,2.53,0.01,174427,252.88,0.1,1,252.88,250.35,25.04,Western Europe,Alsacia-Champaña-Ardenas-Lorena,COMPLETE,1352,65,http://images.acmesports.sports/Industrial+consumer+electronics,Industrial consumer electronics,252.88,0,2017-11-07 01:21:00,Second Class
DEBIT,6,2,212.64,443.0,Late delivery,1,62,Cameras ,Caguas,Puerto Rico,XXXXXXXXX,Madonna,13363,Ingram,XXXXXXXXX,Consumer,PR,9079 Dewy Deer Harbour,725.0,10,Technology,18.215242,-66.037056,Europe,Halle,Alemania,13363,2017-10-16 01:12:00,69810,1349,9.04,0.02,173125,452.04,0.48,1,452.04,443.0,212.64,Western Europe,Sajonia-Anhalt,COMPLETE,1349,62,http://images.acmesports.sports/Web+Camera,Web Camera,452.04,0,2017-10-22 01:12:00,Second Class
DEBIT,3,2,68.68,245.29,Late delivery,1,65,Consumer Electronics,Caguas,Puerto Rico,XXXXXXXXX,Noelani,14645,Hyde,XXXXXXXXX,Consumer,PR,1284 High Apple Highlands,725.0,10,Technology,18.255985,-66.037056,Europe,Bremerhaven,Alemania,14645,2017-11-03 18:20:00,71092,1352,7.59,0.03,174407,252.88,0.28,1,252.88,245.29,68.68,Western Europe,Bremen,COMPLETE,1352,65,http://images.acmesports.sports/Industrial+consumer+electronics,Industrial consumer electronics,252.88,0,2017-11-06 18:20:00,Second Class
DEBIT,6,2,135.83,433.96,Late delivery,1,62,Cameras ,Caguas,Puerto Rico,XXXXXXXXX,Sydnee,13163,Nolan,XXXXXXXXX,Consumer,PR,9816 Grand Hills Knoll,725.0,10,Technology,18.281721,-66.037056,Europe,Portici,Italia,13163,2017-10-13 03:08:00,69610,1349,18.08,0.04,172925,452.04,0.31,1,452.04,433.96,135.83,Southern Europe,Campania,COMPLETE,1349,62,http://images.acmesports.sports/Web+Camera,Web Camera,452.04,0,2017-10-19 03:08:00,Second Class
DEBIT,6,2,78.08,240.24,Late delivery,1,65,Consumer Electronics,Caguas,Puerto Rico,XXXXXXXXX,Willa,14553,Potter,XXXXXXXXX,Consumer,PR,5301 Blue Street,725.0,10,Technology,18.234585,-66.037056,Europe,Bielefeld,Alemania,14553,2017-11-02 10:06:00,71000,1352,12.64,0.05,174315,252.88,0.33,1,252.88,240.24,78.08,Western Europe,Renania del Norte-Westfalia,COMPLETE,1352,65,http://images.acmesports.sports/Industrial+consumer+electronics,Industrial consumer electronics,252.88,0,2017-11-08 10:06:00,Second Class
DEBIT,5,2,595.35,1417.5,Late delivery,1,64,Computers,Caguas,Puerto Rico,XXXXXXXXX,Alma,14287,Delgado,XXXXXXXXX,Consumer,PR,7274 Middle Wynd,725.0,10,Technology,18.252497,-66.03705,Europe,London,Reino Unido,14287,2017-10-29 12:55:00,70734,1351,82.5,0.06,174049,1500.0,0.42,1,1500.0,1417.5,595.35,Northern Europe,Inglaterra,COMPLETE,1351,64,http://images.acmesports.sports/Dell+Laptop,Dell Laptop,1500.0,0,2017-11-03 12:55:00,Second Class
DEBIT,2,2,21.36,427.18,Shipping on time,0,62,Cameras ,Caguas,Puerto Rico,XXXXXXXXX,Ila,13179,Knight,XXXXXXXXX,Consumer,PR,2668 Velvet Row ,725.0,10,Technology,18.255085,-66.037056,Europe,Drancy,Francia,13179,2017-10-13 08:44:00,69626,1349,24.86,0.06,172941,452.04,0.05,1,452.04,427.18,21.36,Western Europe,Isla de Francia,COMPLETE,1349,62,http://images.acmesports.sports/Web+Camera,Web Camera,452.04,0,2017-10-15 08:44:00,Second Class
DEBIT,3,2,213.59,427.18,Late delivery,1,62,Cameras ,Caguas,Puerto Rico,XXXXXXXXX,Belle,13035,Booker,XXXXXXXXX,Consumer,PR,567 Fallen Pines ,725.0,10,Technology,18.280422,-66.03706,Europe,Duisburg,Alemania,13035,2017-10-11 06:17:00,69482,1349,24.86,0.06,172797,452.04,0.5,1,452.04,427.18,213.59,Western Europe,Renania del Norte-Westfalia,COMPLETE,1349,62,http://images.acmesports.sports/Web+Camera,Web Camera,452.04,0,2017-10-14 06:17:00,Second Class
DEBIT,5,2,55.8,1395.0,Late delivery,1,64,Computers,Caguas,Puerto Rico,XXXXXXXXX,Alyssa,14322,Contreras,XXXXXXXXX,Consumer,PR,9870 Little Hickory Loop,725.0,10,Technology,18.23289,-66.03706,Europe,Bradford,Reino Unido,14322,2017-10-30 01:10:00,70769,1351,105.0,0.07,174084,1500.0,0.04,1,1500.0,1395.0,55.8,Northern Europe,Inglaterra,COMPLETE,1351,64,http://images.acmesports.sports/Dell+Laptop,Dell Laptop,1500.0,0,2017-11-04 01:10:00,Second Class
DEBIT,4,2,126.12,420.4,Late delivery,1,62,Cameras ,Caguas,Puerto Rico,XXXXXXXXX,Lani,13196,Nash,XXXXXXXXX,Consumer,PR,5763 Green Crossing ,725.0,10,Technology,18.228643,-66.03706,Europe,Agrigento,Italia,13196,2017-10-13 14:41:00,69643,1349,31.64,0.07,172958,452.04,0.3,1,452.04,420.4,126.12,Southern Europe,Sicilia,COMPLETE,1349,62,http://images.acmesports.sports/Web+Camera,Web Camera,452.04,0,2017-10-17 14:41:00,Second Class
DEBIT,2,2,6.9,230.12,Shipping on time,0,65,Consumer Electronics,Caguas,Puerto Rico,XXXXXXXXX,Demetria,14604,Jarvis,XXXXXXXXX,Consumer,PR,4854 Tawny Cove,725.0,10,Technology,18.295324,-66.037056,Europe,Oldham,Reino Unido,14604,2017-11-03 03:58:00,71051,1352,22.76,0.09,174366,252.88,0.03,1,252.88,230.12,6.9,Northern Europe,Inglaterra,COMPLETE,1352,65,http://images.acmesports.sports/Industrial+consumer+electronics,Industrial consumer electronics,252.88,0,2017-11-05 03:58:00,Second Class
DEBIT,4,2,-277.67,411.36,Late delivery,1,62,Cameras ,Caguas,Puerto Rico,XXXXXXXXX,Joan,12961,Nixon,XXXXXXXXX,Consumer,PR,8297 Golden Green ,725.0,10,Technology,18.242178,-66.03706,Europe,Palermo,Italia,12961,2017-10-10 04:21:00,69408,1349,40.68,0.09,172723,452.04,-0.68,1,452.04,411.36,-277.67,Southern Europe,Sicilia,COMPLETE,1349,62,http://images.acmesports.sports/Web+Camera,Web Camera,452.04,0,2017-10-14 04:21:00,Second Class
DEBIT,4,2,105.86,230.12,Late delivery,1,65,Consumer Electronics,Caguas,Puerto Rico,XXXXXXXXX,Gay,14676,Harper,XXXXXXXXX,Consumer,PR,7293 Lazy Hill,725.0,10,Technology,18.255697,-66.03706,Europe,Madrid,España,14676,2017-11-04 05:12:00,71123,1352,22.76,0.09,174438,252.88,0.46,1,252.88,230.12,105.86,Southern Europe,Madrid,COMPLETE,1352,65,http://images.acmesports.sports/Industrial+consumer+electronics,Industrial consumer electronics,252.88,0,2017-11-08 05:12:00,Second Class
DEBIT,5,2,86.0,1365.0,Late delivery,1,64,Computers,Caguas,Puerto Rico,XXXXXXXXX,Audrey,14087,Acosta,XXXXXXXXX,Consumer,PR,8967 Sleepy Lane,725.0,10,Technology,18.2664,-66.03706,Europe,Nancy,Francia,14087,2017-10-26 14:51:00,70534,1351,135.0,0.09,173849,1500.0,0.06,1,1500.0,1365.0,86.0,Western Europe,Alsacia-Champaña-Ardenas-Lorena,COMPLETE,1351,64,http://images.acmesports.sports/Dell+Laptop,Dell Laptop,1500.0,0,2017-10-31 14:51:00,Second Class
DEBIT,2,2,195.28,406.84,Shipping on time,0,62,Cameras ,Caguas,Puerto Rico,XXXXXXXXX,Riley,13194,Jones,XXXXXXXXX,Consumer,PR,6370 Emerald Row ,725.0,10,Technology,18.235243,-66.037056,Europe,Girona,España,13194,2017-10-13 13:59:00,69641,1349,45.2,0.1,172956,452.04,0.48,1,452.04,406.84,195.28,Southern Europe,Cataluña,COMPLETE,1349,62,http://images.acmesports.sports/Web+Camera,Web Camera,452.04,0,2017-10-15 13:59:00,Second Class
DEBIT,6,2,22.76,227.59,Late delivery,1,65,Consumer Electronics,Caguas,Puerto Rico,XXXXXXXXX,Imani,14513,Kelly,XXXXXXXXX,Consumer,PR,3065 Foggy Horse Port,725.0,10,Technology,18.257868,-66.037056,Europe,Laon,Francia,14513,2017-11-01 20:05:00,70960,1352,25.29,0.1,174275,252.88,0.1,1,252.88,227.59,22.76,Western Europe,Norte-Paso de Calais-Picardía,COMPLETE,1352,65,http://images.acmesports.sports/Industrial+consumer+electronics,Industrial consumer electronics,252.88,0,2017-11-07 20:05:00,Second Class
DEBIT,4,2,180.59,384.23,Late delivery,1,62,Cameras ,Caguas,Puerto Rico,XXXXXXXXX,Mechelle,13461,Parker,XXXXXXXXX,Consumer,PR,1393 Umber Sky Estates,725.0,10,Technology,18.22338,-66.037056,Europe,Hartlepool,Reino Unido,13461,2017-10-17 11:32:00,69908,1349,67.81,0.15,173223,452.04,0.47,1,452.04,384.23,180.59,Northern Europe,Inglaterra,COMPLETE,1349,62,http://images.acmesports.sports/Web+Camera,Web Camera,452.04,0,2017-10-21 11:32:00,Second Class
DEBIT,3,2,101.03,214.95,Late delivery,1,65,Consumer Electronics,Caguas,Puerto Rico,XXXXXXXXX,Imani,14510,Castaneda,XXXXXXXXX,Consumer,PR,5493 Burning Horse Heath,725.0,10,Technology,18.231075,-66.037056,Europe,Pontault-Combault,Francia,14510,2017-11-01 19:02:00,70957,1352,37.93,0.15,174272,252.88,0.47,1,252.88,214.95,101.03,Western Europe,Isla de Francia,COMPLETE,1352,65,http://images.acmesports.sports/Industrial+consumer+electronics,Industrial consumer electronics,252.88,0,2017-11-04 19:02:00,Second Class
DEBIT,3,2,118.85,379.71,Late delivery,1,62,Cameras ,Caguas,Puerto Rico,XXXXXXXXX,Whitney,13190,Henderson,XXXXXXXXX,Consumer,PR,529 Blue Grove Rise,725.0,10,Technology,18.26863,-66.037056,Europe,La Rochelle,Francia,13190,2017-10-13 12:35:00,69637,1349,72.33,0.16,172952,452.04,0.31,1,452.04,379.71,118.85,Western Europe,Aquitania-Lemosín-Poitou-Charentes,COMPLETE,1349,62,http://images.acmesports.sports/Web+Camera,Web Camera,452.04,0,2017-10-16 12:35:00,Second Class
DEBIT,6,2,60.87,209.89,Late delivery,1,65,Consumer Electronics,Caguas,Puerto Rico,XXXXXXXXX,Roanna,14508,Martin,XXXXXXXXX,Consumer,PR,4462 Little Lagoon Route,725.0,10,Technology,18.227089,-66.03706,Europe,Edinburgh,Reino Unido,14508,2017-11-01 18:20:00,70955,1352,42.99,0.17,174270,252.88,0.29,1,252.88,209.89,60.87,Northern Europe,Escocia,COMPLETE,1352,65,http://images.acmesports.sports/Industrial+consumer+electronics,Industrial consumer electronics,252.88,0,2017-11-07 18:20:00,Second Class
DEBIT,5,2,73.46,209.89,Late delivery,1,65,Consumer Electronics,Caguas,Puerto Rico,XXXXXXXXX,Vivian,14472,Hays,XXXXXXXXX,Consumer,PR,9854 Jagged Impasse,725.0,10,Technology,18.234379,-66.037056,Europe,Acerra,Italia,14472,2017-11-01 05:44:00,70919,1352,42.99,0.17,174234,252.88,0.35,1,252.88,209.89,73.46,Southern Europe,Campania,COMPLETE,1352,65,http://images.acmesports.sports/Industrial+consumer+electronics,Industrial consumer electronics,252.88,0,2017-11-06 05:44:00,Second Class
DEBIT,5,2,39.88,209.89,Late delivery,1,65,Consumer Electronics,Caguas,Puerto Rico,XXXXXXXXX,Xantha,14562,Brock,XXXXXXXXX,Consumer,PR,5336 Sleepy Sky Common,725.0,10,Technology,18.292366,-66.03706,Europe,Hanover,Alemania,14562,2017-11-02 13:15:00,71009,1352,42.99,0.17,174324,252.88,0.19,1,252.88,209.89,39.88,Western Europe,Baja Sajonia,COMPLETE,1352,65,http://images.acmesports.sports/Industrial+consumer+electronics,Industrial consumer electronics,252.88,0,2017-11-07 13:15:00,Second Class
DEBIT,4,2,177.92,370.67,Late delivery,1,62,Cameras ,Caguas,Puerto Rico,XXXXXXXXX,Zia,13206,Davis,XXXXXXXXX,Consumer,PR,3836 Blue Brook Stead,725.0,10,Technology,18.213568,-66.03706,Europe,Manchester,Reino Unido,13206,2017-10-13 18:11:00,69653,1349,81.37,0.18,172968,452.04,0.48,1,452.04,370.67,177.92,Northern Europe,Inglaterra,COMPLETE,1349,62,http://images.acmesports.sports/Web+Camera,Web Camera,452.04,0,2017-10-17 18:11:00,Second Class
DEBIT,3,2,129.74,370.67,Late delivery,1,62,Cameras ,Caguas,Puerto Rico,XXXXXXXXX,Mara,13080,Duffy,XXXXXXXXX,Consumer,PR,4896 Honey Wood ,725.0,10,Technology,18.292048,-66.03706,Europe,Messina,Italia,13080,2017-10-11 22:03:00,69527,1349,81.37,0.18,172842,452.04,0.35,1,452.04,370.67,129.74,Southern Europe,Sicilia,COMPLETE,1349,62,http://images.acmesports.sports/Web+Camera,Web Camera,452.04,0,2017-10-14 22:03:00,Second Class
DEBIT,6,2,62.21,207.36,Late delivery,1,65,Consumer Electronics,Caguas,Puerto Rico,XXXXXXXXX,Sloane,14633,Long,XXXXXXXXX,Consumer,PR,4592 Grand Timber Ramp,725.0,10,Technology,18.246092,-66.03706,Europe,Wilhelmshaven,Alemania,14633,2017-11-03 14:08:00,71080,1352,45.52,0.18,174395,252.88,0.3,1,252.88,207.36,62.21,Western Europe,Baja Sajonia,COMPLETE,1352,65,http://images.acmesports.sports/Industrial+consumer+electronics,Industrial consumer electronics,252.88,0,2017-11-09 14:08:00,Second Class
DEBIT,5,2,90.0,1200.0,Late delivery,1,64,Computers,Caguas,Puerto Rico,XXXXXXXXX,Winifred,14097,Alexander,XXXXXXXXX,Consumer,PR,146 Middle Terrace,725.0,10,Technology,18.209394,-66.037056,Europe,Letchworth,Reino Unido,14097,2017-10-26 18:21:00,70544,1351,300.0,0.2,173859,1500.0,0.08,1,1500.0,1200.0,90.0,Northern Europe,Inglaterra,COMPLETE,1351,64,http://images.acmesports.sports/Dell+Laptop,Dell Laptop,1500.0,0,2017-10-31 18:21:00,Second Class
DEBIT,2,2,118.66,339.03,Shipping on time,0,62,Cameras ,Caguas,Puerto Rico,XXXXXXXXX,Giselle,13024,Farrell,XXXXXXXXX,Consumer,PR,3710 Little Nook ,725.0,10,Technology,18.291843,-66.03705,Europe,Kilwinning,Reino Unido,13024,2017-10-11 02:26:00,69471,1349,113.01,0.25,172786,452.04,0.35,1,452.04,339.03,118.66,Northern Europe,Escocia,COMPLETE,1349,62,http://images.acmesports.sports/Web+Camera,Web Camera,452.04,0,2017-10-13 02:26:00,Second Class
DEBIT,5,2,415.8,989.99,Late delivery,1,4,Basketball,Caguas,Puerto Rico,XXXXXXXXX,John,778,Buckley,XXXXXXXXX,Consumer,PR,9598 Cinder Close,725.0,2,Fitness,18.227573,-66.04371,Europe,Villeneuve-le-Roi,Francia,778,2017-10-02 11:01:00,68879,60,10.0,0.01,172188,999.99,0.42,1,999.99,989.99,415.8,Western Europe,Isla de Francia,COMPLETE,60,4,http://images.acmesports.sports/SOLE+E25+Elliptical,SOLE E25 Elliptical,999.99,0,2017-10-07 11:01:00,Second Class
DEBIT,5,2,8.62,78.39,Late delivery,1,2,Soccer,Caguas,Puerto Rico,XXXXXXXXX,Nancy,7146,Curry,XXXXXXXXX,Consumer,PR,6998 Old Treasure Crossing,725.0,2,Fitness,18.285421,-66.37057,Europe,Barakaldo,España,7146,2017-09-08 03:42:00,67214,24,1.6,0.02,167987,79.99,0.11,1,79.99,78.39,8.62,Southern Europe,País Vasco,COMPLETE,24,2,http://images.acmesports.sports/Elevation+Training+Mask+2.0,Elevation Training Mask 2.0,79.99,0,2017-09-13 03:42:00,Second Class
DEBIT,6,2,16.34,52.19,Late delivery,1,3,Baseball & Softball,Caguas,Puerto Rico,XXXXXXXXX,Mary,6365,Smith,XXXXXXXXX,Consumer,PR,100 Jagged Cloud Pathway,725.0,2,Fitness,18.246923,-66.370575,Europe,Estocolmo,Suecia,6365,2015-09-17 23:17:00,17810,44,7.8,0.13,44493,59.99,0.31,1,59.99,52.19,16.34,Northern Europe,Estocolmo,COMPLETE,44,3,http://images.acmesports.sports/adidas+Men%27s+F10+Messi+TRX+FG+Soccer+Cleat,adidas Men's F10 Messi TRX FG Soccer Cleat,59.99,0,2015-09-23 23:17:00,Second Class
DEBIT,4,2,12.53,43.19,Late delivery,1,13,Electronics,Caguas,Puerto Rico,XXXXXXXXX,Wayne,8422,Crawford,XXXXXXXXX,Consumer,PR,8110 Old Place,725.0,3,Footwear,18.233799,-66.37057,Europe,Aylesbury,Reino Unido,8422,2015-10-02 07:40:00,18793,278,1.8,0.04,46997,44.99,0.29,1,44.99,43.19,12.53,Northern Europe,Inglaterra,COMPLETE,278,13,http://images.acmesports.sports/Under+Armour+Men%27s+Compression+EV+SL+Slide,Under Armour Men's Compression EV SL Slide,44.99,0,2015-10-06 07:40:00,Second Class
DEBIT,5,2,25.92,95.99,Late delivery,1,9,Cardio Equipment,Caguas,Puerto Rico,XXXXXXXXX,Ruth,8524,Farrell,XXXXXXXXX,Consumer,PR,1453 Lazy Cider Hill,725.0,3,Footwear,18.24496,-66.37054,Europe,Langenhagen,Alemania,8524,2017-08-08 10:13:00,65109,191,4.0,0.04,162715,99.99,0.27,1,99.99,95.99,25.92,Western Europe,Baja Sajonia,COMPLETE,191,9,http://images.acmesports.sports/Nike+Men%27s+Free+5.0%2B+Running+Shoe,Nike Men's Free 5.0+ Running Shoe,99.99,0,2017-08-13 10:13:00,Second Class
DEBIT,4,2,-13.58,94.99,Late delivery,1,9,Cardio Equipment,Caguas,Puerto Rico,XXXXXXXXX,Mary,3784,Sharp,XXXXXXXXX,Consumer,PR,9221 Cotton Butterfly Terrace,725.0,3,Footwear,18.232208,-66.37063,Europe,Birmingham,Reino Unido,3784,2015-08-17 18:35:00,15673,191,5.0,0.05,39186,99.99,-0.14,1,99.99,94.99,-13.58,Northern Europe,Inglaterra,COMPLETE,191,9,http://images.acmesports.sports/Nike+Men%27s+Free+5.0%2B+Running+Shoe,Nike Men's Free 5.0+ Running Shoe,99.99,0,2015-08-21 18:35:00,Second Class
DEBIT,4,2,10.04,41.84,Late delivery,1,13,Electronics,Caguas,Puerto Rico,XXXXXXXXX,Mary,10519,Smith,XXXXXXXXX,Consumer,PR,4110 Quaking Abbey,725.0,3,Footwear,18.265211,-66.37055,Europe,Amsterdam,Países Bajos,10519,2015-09-23 09:57:00,18183,278,3.15,0.07,45455,44.99,0.24,1,44.99,41.84,10.04,Western Europe,Holanda Septentrional,COMPLETE,278,13,http://images.acmesports.sports/Under+Armour+Men%27s+Compression+EV+SL+Slide,Under Armour Men's Compression EV SL Slide,44.99,0,2015-09-27 09:57:00,Second Class
DEBIT,5,2,10.8,89.99,Late delivery,1,9,Cardio Equipment,Caguas,Puerto Rico,XXXXXXXXX,David,7132,Guerra,XXXXXXXXX,Consumer,PR,6574 Shady Horse Wood,725.0,3,Footwear,18.285704,-66.37051,Europe,Viena,Austria,7132,2015-10-23 08:31:00,20234,191,10.0,0.1,50536,99.99,0.12,1,99.99,89.99,10.8,Western Europe,Viena,COMPLETE,191,9,http://images.acmesports.sports/Nike+Men%27s+Free+5.0%2B+Running+Shoe,Nike Men's Free 5.0+ Running Shoe,99.99,0,2015-10-28 08:31:00,Second Class
DEBIT,5,2,16.72,87.99,Late delivery,1,9,Cardio Equipment,Caguas,Puerto Rico,XXXXXXXXX,Mary,3709,Padilla,XXXXXXXXX,Consumer,PR,4555 Amber Apple Cape,725.0,3,Footwear,18.29685,-66.37063,Europe,Viena,Austria,3709,2015-07-11 18:49:00,13139,191,12.0,0.12,32867,99.99,0.19,1,99.99,87.99,16.72,Western Europe,Viena,COMPLETE,191,9,http://images.acmesports.sports/Nike+Men%27s+Free+5.0%2B+Running+Shoe,Nike Men's Free 5.0+ Running Shoe,99.99,0,2015-07-16 18:49:00,Second Class
TRANSFER,5,4,28.85,128.22,Shipping canceled,0,13,Electronics,Freeport,EE. UU.,XXXXXXXXX,Patricia,1509,Petersen,XXXXXXXXX,Consumer,NY,3675 Emerald Goose Bank,11520.0,3,Footwear,40.654865,-73.587074,USCA,Houston,Estados Unidos,1509,2016-05-08 17:42:00,33824,278,6.75,0.05,84424,44.99,0.23,3,134.97,128.22,28.85,US Center ,Texas,SUSPECTED_FRAUD,278,13,http://images.acmesports.sports/Under+Armour+Men%27s+Compression+EV+SL+Slide,Under Armour Men's Compression EV SL Slide,44.99,0,2016-05-13 17:42:00,Standard Class
TRANSFER,5,4,133.91,278.97,Shipping canceled,0,9,Cardio Equipment,Fort Washington,EE. UU.,XXXXXXXXX,Julie,1636,Petersen,XXXXXXXXX,Consumer,MD,9375 Harvest Circuit,20744.0,3,Footwear,38.742664,-76.9918,USCA,Gilbert,Estados Unidos,1636,2016-04-02 19:51:00,31364,191,21.0,0.07,78398,99.99,0.48,3,299.97,278.97,133.91,West of USA ,Arizona,SUSPECTED_FRAUD,191,9,http://images.acmesports.sports/Nike+Men%27s+Free+5.0%2B+Running+Shoe,Nike Men's Free 5.0+ Running Shoe,99.99,0,2016-04-07 19:51:00,Standard Class
TRANSFER,6,4,79.16,272.97,Shipping canceled,0,9,Cardio Equipment,Bakersfield,EE. UU.,XXXXXXXXX,Lisa,2784,Smith,XXXXXXXXX,Consumer,CA,3993 Thunder Hills Port,93304.0,3,Footwear,35.362545,-119.0187,USCA,San Jose,Estados Unidos,2784,2016-08-14 02:51:00,40495,191,27.0,0.09,101052,99.99,0.29,3,299.97,272.97,79.16,West of USA ,California,SUSPECTED_FRAUD,191,9,http://images.acmesports.sports/Nike+Men%27s+Free+5.0%2B+Running+Shoe,Nike Men's Free 5.0+ Running Shoe,99.99,0,2016-08-20 02:51:00,Standard Class
TRANSFER,5,4,19.11,272.97,Shipping canceled,0,9,Cardio Equipment,Fort Washington,EE. UU.,XXXXXXXXX,Julie,1636,Petersen,XXXXXXXXX,Consumer,MD,9375 Harvest Circuit,20744.0,3,Footwear,38.742664,-76.9918,USCA,Gilbert,Estados Unidos,1636,2016-04-02 19:51:00,31364,191,27.0,0.09,78396,99.99,0.07,3,299.97,272.97,19.11,West of USA ,Arizona,SUSPECTED_FRAUD,191,9,http://images.acmesports.sports/Nike+Men%27s+Free+5.0%2B+Running+Shoe,Nike Men's Free 5.0+ Running Shoe,99.99,0,2016-04-07 19:51:00,Standard Class
TRANSFER,2,4,10.77,170.97,Shipping canceled,0,17,Cleats,Corona,EE. UU.,XXXXXXXXX,Tyler,9174,Smith,XXXXXXXXX,Consumer,NY,9414 Thunder Island Court,11368.0,4,Apparel,40.742107,-73.86962,USCA,Fresno,Estados Unidos,9174,2016-05-18 16:38:00,34506,365,9.0,0.05,86191,59.99,0.06,3,179.97,170.97,10.77,West of USA ,California,SUSPECTED_FRAUD,365,17,http://images.acmesports.sports/Perfect+Fitness+Perfect+Rip+Deck,Perfect Fitness Perfect Rip Deck,59.99,0,2016-05-20 16:38:00,Standard Class
TRANSFER,3,4,-284.53,167.37,Shipping canceled,0,17,Cleats,Cincinnati,EE. UU.,XXXXXXXXX,Karen,122,Smith,XXXXXXXXX,Consumer,OH,7573 Cozy Goose Road,45238.0,4,Apparel,39.288494,-84.35512,USCA,Peoria,Estados Unidos,122,2016-05-05 13:40:00,33607,365,12.6,0.07,83892,59.99,-1.7,3,179.97,167.37,-284.53,West of USA ,Arizona,SUSPECTED_FRAUD,365,17,http://images.acmesports.sports/Perfect+Fitness+Perfect+Rip+Deck,Perfect Fitness Perfect Rip Deck,59.99,0,2016-05-08 13:40:00,Standard Class
TRANSFER,3,4,69.68,158.37,Shipping canceled,0,17,Cleats,Germantown,EE. UU.,XXXXXXXXX,Shawn,3800,Smith,XXXXXXXXX,Consumer,MD,5985 Silent Leaf Vale,20874.0,4,Apparel,39.18366,-77.26546,USCA,Cincinnati,Estados Unidos,3800,2016-04-21 02:50:00,32617,365,21.6,0.12,81596,59.99,0.44,3,179.97,158.37,69.68,East of USA,Ohio,SUSPECTED_FRAUD,365,17,http://images.acmesports.sports/Perfect+Fitness+Perfect+Rip+Deck,Perfect Fitness Perfect Rip Deck,59.99,0,2016-04-24 02:50:00,Standard Class
TRANSFER,2,4,7.48,118.77,Shipping canceled,0,29,Shop By Sport,Carrollton,EE. UU.,XXXXXXXXX,Mary,10029,Silva,XXXXXXXXX,Consumer,TX,1230 Crystal Lookout,75006.0,5,Golf,32.96593,-96.84902,USCA,Columbus,Estados Unidos,10029,2016-07-01 08:10:00,37496,627,1.2,0.01,93579,39.99,0.06,3,119.97,118.77,7.48,US Center ,Indiana,SUSPECTED_FRAUD,627,29,http://images.acmesports.sports/Under+Armour+Girls%27+Toddler+Spine+Surge+Running+Shoe,Under Armour Girls' Toddler Spine Surge Runni,39.99,0,2016-07-03 08:10:00,Standard Class
TRANSFER,3,4,11.03,73.5,Shipping canceled,0,26,Girls' Apparel,Germantown,EE. UU.,XXXXXXXXX,Shawn,3800,Smith,XXXXXXXXX,Consumer,MD,5985 Silent Leaf Vale,20874.0,5,Golf,39.18366,-77.26546,USCA,Cincinnati,Estados Unidos,3800,2016-04-21 02:50:00,32617,567,1.5,0.02,81595,25.0,0.15,3,75.0,73.5,11.03,East of USA,Ohio,SUSPECTED_FRAUD,567,26,http://images.acmesports.sports/adidas+Men%27s+Germany+Black+Crest+Away+Tee,adidas Men's Germany Black Crest Away Tee,25.0,0,2016-04-24 02:50:00,Standard Class
TRANSFER,6,4,-24.82,132.0,Shipping canceled,0,24,Women's Apparel,Houston,EE. UU.,XXXXXXXXX,Willie,2805,Smith,XXXXXXXXX,Consumer,TX,6350 Lost Hollow,77093.0,5,Golf,29.834356,-95.33793,USCA,Ottawa,Canada,2805,2016-12-17 08:48:00,49075,502,18.0,0.12,122703,50.0,-0.19,3,150.0,132.0,-24.82,Canada,Ontario,SUSPECTED_FRAUD,502,24,http://images.acmesports.sports/Nike+Men%27s+Dri-FIT+Victory+Golf+Polo,Nike Men's Dri-FIT Victory Golf Polo,50.0,0,2016-12-23 08:48:00,Standard Class
TRANSFER,5,4,33.0,132.0,Shipping canceled,0,24,Women's Apparel,Freeport,EE. UU.,XXXXXXXXX,Patricia,1509,Petersen,XXXXXXXXX,Consumer,NY,3675 Emerald Goose Bank,11520.0,5,Golf,40.654865,-73.587074,USCA,Houston,Estados Unidos,1509,2016-05-08 17:42:00,33824,502,18.0,0.12,84425,50.0,0.25,3,150.0,132.0,33.0,US Center ,Texas,SUSPECTED_FRAUD,502,24,http://images.acmesports.sports/Nike+Men%27s+Dri-FIT+Victory+Golf+Polo,Nike Men's Dri-FIT Victory Golf Polo,50.0,0,2016-05-13 17:42:00,Standard Class
TRANSFER,6,4,36.54,130.5,Shipping canceled,0,24,Women's Apparel,Houston,EE. UU.,XXXXXXXXX,Willie,2805,Smith,XXXXXXXXX,Consumer,TX,6350 Lost Hollow,77093.0,5,Golf,29.834356,-95.33793,USCA,Ottawa,Canada,2805,2016-12-17 08:48:00,49075,502,19.5,0.13,122700,50.0,0.28,3,150.0,130.5,36.54,Canada,Ontario,SUSPECTED_FRAUD,502,24,http://images.acmesports.sports/Nike+Men%27s+Dri-FIT+Victory+Golf+Polo,Nike Men's Dri-FIT Victory Golf Polo,50.0,0,2016-12-23 08:48:00,Standard Class
TRANSFER,4,4,-76.37,99.58,Shipping canceled,0,29,Shop By Sport,Carlisle,EE. UU.,XXXXXXXXX,Mary,12253,Chan,XXXXXXXXX,Consumer,PA,4898 Red Butterfly Autoroute,17013.0,5,Golf,40.23728,-76.96796,USCA,Kitchener,Canada,12253,2016-08-30 14:02:00,41623,627,20.39,0.17,103905,39.99,-0.77,3,119.97,99.58,-76.37,Canada,Ontario,SUSPECTED_FRAUD,627,29,http://images.acmesports.sports/Under+Armour+Girls%27+Toddler+Spine+Surge+Running+Shoe,Under Armour Girls' Toddler Spine Surge Runni,39.99,0,2016-09-03 14:02:00,Standard Class
TRANSFER,2,4,8.76,99.58,Shipping canceled,0,29,Shop By Sport,Los Angeles,EE. UU.,XXXXXXXXX,Nicole,3528,Brooks,XXXXXXXXX,Consumer,CA,7312 Crystal Willow Villas,90023.0,5,Golf,34.2034,-118.6059,USCA,Philadelphia,Estados Unidos,3528,2016-07-27 06:01:00,39271,627,20.39,0.17,98043,39.99,0.09,3,119.97,99.58,8.76,East of USA,Pensilvania,SUSPECTED_FRAUD,627,29,http://images.acmesports.sports/Under+Armour+Girls%27+Toddler+Spine+Surge+Running+Shoe,Under Armour Girls' Toddler Spine Surge Runni,39.99,0,2016-07-29 06:01:00,Standard Class
TRANSFER,4,4,36.37,74.22,Shipping canceled,0,40,Accessories,Ewa Beach,EE. UU.,XXXXXXXXX,Bruce,11018,Smith,XXXXXXXXX,Consumer,HI,9595 Blue Promenade,96706.0,6,Outdoors,21.311855,-158.00468,USCA,Des Plaines,Estados Unidos,11018,2016-07-17 10:14:00,38598,893,0.75,0.01,96337,24.99,0.49,3,74.97,74.22,36.37,US Center ,Illinois,SUSPECTED_FRAUD,893,40,http://images.acmesports.sports/Team+Golf+Pittsburgh+Steelers+Putter+Grip,Team Golf Pittsburgh Steelers Putter Grip,24.99,0,2016-07-21 10:14:00,Standard Class
TRANSFER,6,4,18.13,40.29,Shipping canceled,0,41,Trade-In,Lakewood,EE. UU.,XXXXXXXXX,Mary,3222,Williams,XXXXXXXXX,Consumer,NJ,1790 Noble Brook Run,8701.0,6,Outdoors,40.09636,-74.21524,USCA,Elmhurst,Estados Unidos,3222,2016-07-06 10:26:00,37845,924,7.68,0.16,94445,15.99,0.45,3,47.97,40.29,18.13,US Center ,Illinois,SUSPECTED_FRAUD,924,41,http://images.acmesports.sports/Glove+It+Urban+Brick+Golf+Towel,Glove It Urban Brick Golf Towel,15.99,0,2016-07-12 10:26:00,Standard Class